order_day,product_name,daily_qty
2023-01-01,Biscuits,11.0
2023-01-02,Biscuits,19.0
2023-01-03,Biscuits,15.0
2023-01-04,Biscuits,11.0
2023-01-05,Biscuits,24.0
2023-01-06,Biscuits,34.0
2023-01-07,Biscuits,24.0
2023-01-08,Biscuits,39.0
2023-01-09,Biscuits,14.0
2023-01-10,Biscuits,16.0
2023-01-11,Biscuits,20.0
2023-01-12,Biscuits,14.0
2023-01-13,Biscuits,42.0
2023-01-14,Biscuits,24.0
2023-01-15,Biscuits,0.0
2023-01-16,Biscuits,30.0
2023-01-17,Biscuits,44.0
2023-01-18,Biscuits,26.0
2023-01-19,Biscuits,30.0
2023-01-20,Biscuits,40.0
2023-01-21,Biscuits,25.0
2023-01-22,Biscuits,12.0
2023-01-23,Biscuits,19.0
2023-01-24,Biscuits,22.0
2023-01-25,Biscuits,44.0
2023-01-26,Biscuits,16.0
2023-01-27,Biscuits,24.0
2023-01-28,Biscuits,27.0
2023-01-29,Biscuits,26.0
2023-01-30,Biscuits,44.0
2023-01-31,Biscuits,22.0
2023-02-01,Biscuits,22.0
2023-02-02,Biscuits,7.0
2023-02-03,Biscuits,12.0
2023-02-04,Biscuits,12.0
2023-02-05,Biscuits,37.0
2023-02-06,Biscuits,45.0
2023-02-07,Biscuits,7.0
2023-02-08,Biscuits,31.0
2023-02-09,Biscuits,13.0
2023-02-10,Biscuits,5.0
2023-02-11,Biscuits,25.0
2023-02-12,Biscuits,36.0
2023-02-13,Biscuits,30.0
2023-02-14,Biscuits,15.0
2023-02-15,Biscuits,11.0
2023-02-16,Biscuits,29.0
2023-02-17,Biscuits,20.0
2023-02-18,Biscuits,7.0
2023-02-19,Biscuits,23.0
2023-02-20,Biscuits,40.0
2023-02-21,Biscuits,3.0
2023-02-22,Biscuits,11.0
2023-02-23,Biscuits,49.0
2023-02-24,Biscuits,21.0
2023-02-25,Biscuits,29.0
2023-02-26,Biscuits,16.0
2023-02-27,Biscuits,24.0
2023-02-28,Biscuits,14.0
2023-03-01,Biscuits,14.0
2023-03-02,Biscuits,18.0
2023-03-03,Biscuits,9.0
2023-03-04,Biscuits,8.0
2023-03-05,Biscuits,11.0
2023-03-06,Biscuits,16.0
2023-03-07,Biscuits,19.0
2023-03-08,Biscuits,19.0
2023-03-09,Biscuits,27.0
2023-03-10,Biscuits,15.0
2023-03-11,Biscuits,12.0
2023-03-12,Biscuits,39.0
2023-03-13,Biscuits,49.0
2023-03-14,Biscuits,30.0
2023-03-15,Biscuits,18.0
2023-03-16,Biscuits,34.0
2023-03-17,Biscuits,14.0
2023-03-18,Biscuits,23.0
2023-03-19,Biscuits,25.0
2023-03-20,Biscuits,27.0
2023-03-21,Biscuits,16.0
2023-03-22,Biscuits,38.0
2023-03-23,Biscuits,30.0
2023-03-24,Biscuits,55.0
2023-03-25,Biscuits,28.0
2023-03-26,Biscuits,23.0
2023-03-27,Biscuits,30.0
2023-03-28,Biscuits,15.0
2023-03-29,Biscuits,23.0
2023-03-30,Biscuits,49.0
2023-03-31,Biscuits,18.0
2023-04-01,Biscuits,36.0
2023-04-02,Biscuits,17.0
2023-04-03,Biscuits,20.0
2023-04-04,Biscuits,22.0
2023-04-05,Biscuits,22.0
2023-04-06,Biscuits,21.0
2023-04-07,Biscuits,24.0
2023-04-08,Biscuits,48.0
2023-04-09,Biscuits,27.0
2023-04-10,Biscuits,19.0
2023-04-11,Biscuits,44.0
2023-04-12,Biscuits,24.0
2023-04-13,Biscuits,43.0
2023-04-14,Biscuits,32.0
2023-04-15,Biscuits,36.0
2023-04-16,Biscuits,16.0
2023-04-17,Biscuits,19.0
2023-04-18,Biscuits,16.0
2023-04-19,Biscuits,21.0
2023-04-20,Biscuits,27.0
2023-04-21,Biscuits,12.0
2023-04-22,Biscuits,16.0
2023-04-23,Biscuits,29.0
2023-04-24,Biscuits,12.0
2023-04-25,Biscuits,36.0
2023-04-26,Biscuits,53.0
2023-04-27,Biscuits,59.0
2023-04-28,Biscuits,20.0
2023-04-29,Biscuits,33.0
2023-04-30,Biscuits,31.0
2023-05-01,Biscuits,12.0
2023-05-02,Biscuits,22.0
2023-05-03,Biscuits,43.0
2023-05-04,Biscuits,30.0
2023-05-05,Biscuits,3.0
2023-05-06,Biscuits,24.0
2023-05-07,Biscuits,22.0
2023-05-08,Biscuits,19.0
2023-05-09,Biscuits,15.0
2023-05-10,Biscuits,36.0
2023-05-11,Biscuits,29.0
2023-05-12,Biscuits,20.0
2023-05-13,Biscuits,27.0
2023-05-14,Biscuits,29.0
2023-05-15,Biscuits,26.0
2023-05-16,Biscuits,10.0
2023-05-17,Biscuits,22.0
2023-05-18,Biscuits,23.0
2023-05-19,Biscuits,31.0
2023-05-20,Biscuits,17.0
2023-05-21,Biscuits,28.0
2023-05-22,Biscuits,42.0
2023-05-23,Biscuits,33.0
2023-05-24,Biscuits,40.0
2023-05-25,Biscuits,24.0
2023-05-26,Biscuits,27.0
2023-05-27,Biscuits,52.0
2023-05-28,Biscuits,7.0
2023-05-29,Biscuits,23.0
2023-05-30,Biscuits,32.0
2023-05-31,Biscuits,25.0
2023-06-01,Biscuits,15.0
2023-06-02,Biscuits,25.0
2023-06-03,Biscuits,47.0
2023-06-04,Biscuits,20.0
2023-06-05,Biscuits,30.0
2023-06-06,Biscuits,10.0
2023-06-07,Biscuits,12.0
2023-06-08,Biscuits,21.0
2023-06-09,Biscuits,22.0
2023-06-10,Biscuits,10.0
2023-06-11,Biscuits,43.0
2023-06-12,Biscuits,16.0
2023-06-13,Biscuits,23.0
2023-06-14,Biscuits,27.0
2023-06-15,Biscuits,35.0
2023-06-16,Biscuits,29.0
2023-06-17,Biscuits,23.0
2023-06-18,Biscuits,45.0
2023-06-19,Biscuits,17.0
2023-06-20,Biscuits,6.0
2023-06-21,Biscuits,37.0
2023-06-22,Biscuits,22.0
2023-06-23,Biscuits,20.0
2023-06-24,Biscuits,18.0
2023-06-25,Biscuits,11.0
2023-06-26,Biscuits,27.0
2023-06-27,Biscuits,23.0
2023-06-28,Biscuits,20.0
2023-06-29,Biscuits,36.0
2023-06-30,Biscuits,14.0
2023-07-01,Biscuits,38.0
2023-07-02,Biscuits,11.0
2023-07-03,Biscuits,10.0
2023-07-04,Biscuits,30.0
2023-07-05,Biscuits,13.0
2023-07-06,Biscuits,26.0
2023-07-07,Biscuits,22.0
2023-07-08,Biscuits,16.0
2023-07-09,Biscuits,14.0
2023-07-10,Biscuits,7.0
2023-07-11,Biscuits,17.0
2023-07-12,Biscuits,29.0
2023-07-13,Biscuits,3.0
2023-07-14,Biscuits,11.0
2023-07-15,Biscuits,31.0
2023-07-16,Biscuits,31.0
2023-07-17,Biscuits,28.0
2023-07-18,Biscuits,13.0
2023-07-19,Biscuits,28.0
2023-07-20,Biscuits,28.0
2023-07-21,Biscuits,33.0
2023-07-22,Biscuits,50.0
2023-07-23,Biscuits,20.0
2023-07-24,Biscuits,2.0
2023-07-25,Biscuits,23.0
2023-07-26,Biscuits,31.0
2023-07-27,Biscuits,24.0
2023-07-28,Biscuits,23.0
2023-07-29,Biscuits,27.0
2023-07-30,Biscuits,19.0
2023-07-31,Biscuits,34.0
2023-08-01,Biscuits,26.0
2023-08-02,Biscuits,15.0
2023-08-03,Biscuits,1.0
2023-08-04,Biscuits,11.0
2023-08-05,Biscuits,24.0
2023-08-06,Biscuits,23.0
2023-08-07,Biscuits,22.0
2023-08-08,Biscuits,25.0
2023-08-09,Biscuits,15.0
2023-08-10,Biscuits,4.0
2023-08-11,Biscuits,41.0
2023-08-12,Biscuits,53.0
2023-08-13,Biscuits,18.0
2023-08-14,Biscuits,10.0
2023-08-15,Biscuits,31.0
2023-08-16,Biscuits,15.0
2023-08-17,Biscuits,48.0
2023-08-18,Biscuits,21.0
2023-08-19,Biscuits,34.0
2023-08-20,Biscuits,20.0
2023-08-21,Biscuits,16.0
2023-08-22,Biscuits,34.0
2023-08-23,Biscuits,29.0
2023-08-24,Biscuits,16.0
2023-08-25,Biscuits,36.0
2023-08-26,Biscuits,26.0
2023-08-27,Biscuits,21.0
2023-08-28,Biscuits,13.0
2023-08-29,Biscuits,5.0
2023-08-30,Biscuits,10.0
2023-08-31,Biscuits,33.0
2023-09-01,Biscuits,31.0
2023-09-02,Biscuits,24.0
2023-09-03,Biscuits,16.0
2023-09-04,Biscuits,29.0
2023-09-05,Biscuits,27.0
2023-09-06,Biscuits,3.0
2023-09-07,Biscuits,11.0
2023-09-08,Biscuits,6.0
2023-09-09,Biscuits,35.0
2023-09-10,Biscuits,37.0
2023-09-11,Biscuits,18.0
2023-09-12,Biscuits,5.0
2023-09-13,Biscuits,15.0
2023-09-14,Biscuits,34.0
2023-09-15,Biscuits,21.0
2023-09-16,Biscuits,22.0
2023-09-17,Biscuits,5.0
2023-09-18,Biscuits,23.0
2023-09-19,Biscuits,16.0
2023-09-20,Biscuits,20.0
2023-09-21,Biscuits,1.0
2023-09-22,Biscuits,36.0
2023-09-23,Biscuits,14.0
2023-09-24,Biscuits,8.0
2023-09-25,Biscuits,33.0
2023-09-26,Biscuits,22.0
2023-09-27,Biscuits,12.0
2023-09-28,Biscuits,16.0
2023-09-29,Biscuits,6.0
2023-09-30,Biscuits,13.0
2023-10-01,Biscuits,20.0
2023-10-02,Biscuits,27.0
2023-10-03,Biscuits,15.0
2023-10-04,Biscuits,41.0
2023-10-05,Biscuits,22.0
2023-10-06,Biscuits,27.0
2023-10-07,Biscuits,44.0
2023-10-08,Biscuits,34.0
2023-10-09,Biscuits,24.0
2023-10-10,Biscuits,8.0
2023-10-11,Biscuits,23.0
2023-10-12,Biscuits,15.0
2023-10-13,Biscuits,27.0
2023-10-14,Biscuits,15.0
2023-10-15,Biscuits,33.0
2023-10-16,Biscuits,10.0
2023-10-17,Biscuits,37.0
2023-10-18,Biscuits,28.0
2023-10-19,Biscuits,4.0
2023-10-20,Biscuits,31.0
2023-10-21,Biscuits,23.0
2023-10-22,Biscuits,31.0
2023-10-23,Biscuits,5.0
2023-10-24,Biscuits,37.0
2023-10-25,Biscuits,48.0
2023-10-26,Biscuits,27.0
2023-10-27,Biscuits,12.0
2023-10-28,Biscuits,22.0
2023-10-29,Biscuits,30.0
2023-10-30,Biscuits,10.0
2023-10-31,Biscuits,3.0
2023-11-01,Biscuits,19.0
2023-11-02,Biscuits,20.0
2023-11-03,Biscuits,23.0
2023-11-04,Biscuits,38.0
2023-11-05,Biscuits,15.0
2023-11-06,Biscuits,30.0
2023-11-07,Biscuits,25.0
2023-11-08,Biscuits,29.0
2023-11-09,Biscuits,17.0
2023-11-10,Biscuits,26.0
2023-11-11,Biscuits,21.0
2023-11-12,Biscuits,20.0
2023-11-13,Biscuits,25.0
2023-11-14,Biscuits,18.0
2023-11-15,Biscuits,34.0
2023-11-16,Biscuits,28.0
2023-11-17,Biscuits,21.0
2023-11-18,Biscuits,4.0
2023-11-19,Biscuits,38.0
2023-11-20,Biscuits,19.0
2023-11-21,Biscuits,29.0
2023-11-22,Biscuits,16.0
2023-11-23,Biscuits,8.0
2023-11-24,Biscuits,18.0
2023-11-25,Biscuits,15.0
2023-11-26,Biscuits,20.0
2023-11-27,Biscuits,18.0
2023-11-28,Biscuits,25.0
2023-11-29,Biscuits,18.0
2023-11-30,Biscuits,30.0
2023-12-01,Biscuits,13.0
2023-12-02,Biscuits,19.0
2023-12-03,Biscuits,18.0
2023-12-04,Biscuits,28.0
2023-12-05,Biscuits,60.0
2023-12-06,Biscuits,28.0
2023-12-07,Biscuits,28.0
2023-12-08,Biscuits,5.0
2023-12-09,Biscuits,16.0
2023-12-10,Biscuits,9.0
2023-12-11,Biscuits,8.0
2023-12-12,Biscuits,12.0
2023-12-13,Biscuits,20.0
2023-12-14,Biscuits,36.0
2023-12-15,Biscuits,16.0
2023-12-16,Biscuits,41.0
2023-12-17,Biscuits,5.0
2023-12-18,Biscuits,17.0
2023-12-19,Biscuits,20.0
2023-12-20,Biscuits,11.0
2023-12-21,Biscuits,13.0
2023-12-22,Biscuits,29.0
2023-12-23,Biscuits,44.0
2023-12-24,Biscuits,30.0
2023-12-25,Biscuits,22.0
2023-12-26,Biscuits,12.0
2023-12-27,Biscuits,20.0
2023-12-28,Biscuits,38.0
2023-12-29,Biscuits,24.0
2023-12-30,Biscuits,1.0
2023-12-31,Biscuits,34.0
2024-01-01,Biscuits,40.0
2024-01-02,Biscuits,46.0
2024-01-03,Biscuits,10.0
2024-01-04,Biscuits,32.0
2024-01-05,Biscuits,29.0
2024-01-06,Biscuits,15.0
2024-01-07,Biscuits,41.0
2024-01-08,Biscuits,24.0
2024-01-09,Biscuits,17.0
2024-01-10,Biscuits,26.0
2024-01-11,Biscuits,28.0
2024-01-12,Biscuits,26.0
2024-01-13,Biscuits,36.0
2024-01-14,Biscuits,7.0
2024-01-15,Biscuits,22.0
2024-01-16,Biscuits,16.0
2024-01-17,Biscuits,9.0
2024-01-18,Biscuits,22.0
2024-01-19,Biscuits,42.0
2024-01-20,Biscuits,22.0
2024-01-21,Biscuits,18.0
2024-01-22,Biscuits,23.0
2024-01-23,Biscuits,14.0
2024-01-24,Biscuits,17.0
2024-01-25,Biscuits,24.0
2024-01-26,Biscuits,8.0
2024-01-27,Biscuits,15.0
2024-01-28,Biscuits,11.0
2024-01-29,Biscuits,15.0
2024-01-30,Biscuits,34.0
2024-01-31,Biscuits,28.0
2024-02-01,Biscuits,23.0
2024-02-02,Biscuits,23.0
2024-02-03,Biscuits,28.0
2024-02-04,Biscuits,7.0
2024-02-05,Biscuits,23.0
2024-02-06,Biscuits,13.0
2024-02-07,Biscuits,36.0
2024-02-08,Biscuits,39.0
2024-02-09,Biscuits,23.0
2024-02-10,Biscuits,27.0
2024-02-11,Biscuits,15.0
2024-02-12,Biscuits,14.0
2024-02-13,Biscuits,20.0
2024-02-14,Biscuits,29.0
2024-02-15,Biscuits,15.0
2024-02-16,Biscuits,18.0
2024-02-17,Biscuits,21.0
2024-02-18,Biscuits,24.0
2024-02-19,Biscuits,30.0
2024-02-20,Biscuits,9.0
2024-02-21,Biscuits,11.0
2024-02-22,Biscuits,27.0
2024-02-23,Biscuits,15.0
2024-02-24,Biscuits,12.0
2024-02-25,Biscuits,38.0
2024-02-26,Biscuits,0.0
2024-02-27,Biscuits,17.0
2024-02-28,Biscuits,28.0
2024-02-29,Biscuits,21.0
2024-03-01,Biscuits,22.0
2024-03-02,Biscuits,10.0
2024-03-03,Biscuits,22.0
2024-03-04,Biscuits,28.0
2024-03-05,Biscuits,24.0
2024-03-06,Biscuits,23.0
2024-03-07,Biscuits,19.0
2024-03-08,Biscuits,34.0
2024-03-09,Biscuits,15.0
2024-03-10,Biscuits,25.0
2024-03-11,Biscuits,15.0
2024-03-12,Biscuits,22.0
2024-03-13,Biscuits,21.0
2024-03-14,Biscuits,38.0
2024-03-15,Biscuits,21.0
2024-03-16,Biscuits,7.0
2024-03-17,Biscuits,36.0
2024-03-18,Biscuits,17.0
2024-03-19,Biscuits,22.0
2024-03-20,Biscuits,13.0
2024-03-21,Biscuits,21.0
2024-03-22,Biscuits,26.0
2024-03-23,Biscuits,40.0
2024-03-24,Biscuits,38.0
2024-03-25,Biscuits,13.0
2024-03-26,Biscuits,33.0
2024-03-27,Biscuits,23.0
2024-03-28,Biscuits,8.0
2024-03-29,Biscuits,36.0
2024-03-30,Biscuits,26.0
2024-03-31,Biscuits,46.0
2024-04-01,Biscuits,45.0
2024-04-02,Biscuits,37.0
2024-04-03,Biscuits,6.0
2024-04-04,Biscuits,19.0
2024-04-05,Biscuits,6.0
2024-04-06,Biscuits,15.0
2024-04-07,Biscuits,12.0
2024-04-08,Biscuits,9.0
2024-04-09,Biscuits,34.0
2024-04-10,Biscuits,9.0
2024-04-11,Biscuits,21.0
2024-04-12,Biscuits,25.0
2024-04-13,Biscuits,50.0
2024-04-14,Biscuits,26.0
2024-04-15,Biscuits,17.0
2024-04-16,Biscuits,32.0
2024-04-17,Biscuits,37.0
2024-04-18,Biscuits,10.0
2024-04-19,Biscuits,22.0
2024-04-20,Biscuits,36.0
2024-04-21,Biscuits,33.0
2024-04-22,Biscuits,22.0
2024-04-23,Biscuits,11.0
2024-04-24,Biscuits,38.0
2024-04-25,Biscuits,14.0
2024-04-26,Biscuits,25.0
2024-04-27,Biscuits,4.0
2024-04-28,Biscuits,33.0
2024-04-29,Biscuits,31.0
2024-04-30,Biscuits,4.0
2024-05-01,Biscuits,37.0
2024-05-02,Biscuits,17.0
2024-05-03,Biscuits,49.0
2024-05-04,Biscuits,14.0
2024-05-05,Biscuits,18.0
2024-05-06,Biscuits,22.0
2024-05-07,Biscuits,8.0
2024-05-08,Biscuits,19.0
2024-05-09,Biscuits,21.0
2024-05-10,Biscuits,4.0
2024-05-11,Biscuits,34.0
2024-05-12,Biscuits,14.0
2024-05-13,Biscuits,17.0
2024-05-14,Biscuits,43.0
2024-05-15,Biscuits,13.0
2024-05-16,Biscuits,47.0
2024-05-17,Biscuits,17.0
2024-05-18,Biscuits,28.0
2024-05-19,Biscuits,39.0
2024-05-20,Biscuits,38.0
2024-05-21,Biscuits,18.0
2024-05-22,Biscuits,42.0
2024-05-23,Biscuits,22.0
2024-05-24,Biscuits,39.0
2024-05-25,Biscuits,32.0
2024-05-26,Biscuits,31.0
2024-05-27,Biscuits,9.0
2024-05-28,Biscuits,53.0
2024-05-29,Biscuits,17.0
2024-05-30,Biscuits,9.0
2024-05-31,Biscuits,7.0
2024-06-01,Biscuits,18.0
2024-06-02,Biscuits,7.0
2024-06-03,Biscuits,17.0
2024-06-04,Biscuits,26.0
2024-06-05,Biscuits,24.0
2024-06-06,Biscuits,22.0
2024-06-07,Biscuits,33.0
2024-06-08,Biscuits,14.0
2024-06-09,Biscuits,27.0
2024-06-10,Biscuits,13.0
2024-06-11,Biscuits,26.0
2024-06-12,Biscuits,41.0
2024-06-13,Biscuits,23.0
2024-06-14,Biscuits,18.0
2024-06-15,Biscuits,19.0
2024-06-16,Biscuits,14.0
2024-06-17,Biscuits,17.0
2024-06-18,Biscuits,19.0
2024-06-19,Biscuits,34.0
2024-06-20,Biscuits,14.0
2024-06-21,Biscuits,13.0
2024-06-22,Biscuits,27.0
2024-06-23,Biscuits,18.0
2024-06-24,Biscuits,14.0
2024-06-25,Biscuits,6.0
2024-06-26,Biscuits,20.0
2024-06-27,Biscuits,44.0
2024-06-28,Biscuits,24.0
2024-06-29,Biscuits,33.0
2024-06-30,Biscuits,12.0
2024-07-01,Biscuits,23.0
2024-07-02,Biscuits,41.0
2024-07-03,Biscuits,21.0
2024-07-04,Biscuits,12.0
2024-07-05,Biscuits,27.0
2024-07-06,Biscuits,21.0
2024-07-07,Biscuits,15.0
2024-07-08,Biscuits,27.0
2024-07-09,Biscuits,31.0
2024-07-10,Biscuits,35.0
2024-07-11,Biscuits,24.0
2024-07-12,Biscuits,10.0
2024-07-13,Biscuits,21.0
2024-07-14,Biscuits,26.0
2024-07-15,Biscuits,25.0
2024-07-16,Biscuits,26.0
2024-07-17,Biscuits,31.0
2024-07-18,Biscuits,17.0
2024-07-19,Biscuits,15.0
2024-07-20,Biscuits,18.0
2024-07-21,Biscuits,27.0
2024-07-22,Biscuits,14.0
2024-07-23,Biscuits,24.0
2024-07-24,Biscuits,21.0
2024-07-25,Biscuits,17.0
2024-07-26,Biscuits,25.0
2024-07-27,Biscuits,22.0
2024-07-28,Biscuits,24.0
2024-07-29,Biscuits,23.0
2024-07-30,Biscuits,12.0
2024-07-31,Biscuits,13.0
2024-08-01,Biscuits,24.0
2024-08-02,Biscuits,29.0
2024-08-03,Biscuits,13.0
2024-08-04,Biscuits,28.0
2024-08-05,Biscuits,30.0
2024-08-06,Biscuits,29.0
2024-08-07,Biscuits,25.0
2024-08-08,Biscuits,31.0
2024-08-09,Biscuits,40.0
2024-08-10,Biscuits,33.0
2024-08-11,Biscuits,26.0
2024-08-12,Biscuits,35.0
2024-08-13,Biscuits,17.0
2024-08-14,Biscuits,11.0
2024-08-15,Biscuits,12.0
2024-08-16,Biscuits,31.0
2024-08-17,Biscuits,30.0
2024-08-18,Biscuits,14.0
2024-08-19,Biscuits,13.0
2024-08-20,Biscuits,17.0
2024-08-21,Biscuits,25.0
2024-08-22,Biscuits,15.0
2024-08-23,Biscuits,41.0
2024-08-24,Biscuits,16.0
2024-08-25,Biscuits,13.0
2024-08-26,Biscuits,41.0
2024-08-27,Biscuits,25.0
2024-08-28,Biscuits,20.0
2024-08-29,Biscuits,14.0
2024-08-30,Biscuits,44.0
2024-08-31,Biscuits,25.0
2024-09-01,Biscuits,36.0
2024-09-02,Biscuits,30.0
2024-09-03,Biscuits,18.0
2024-09-04,Biscuits,30.0
2024-09-05,Biscuits,7.0
2024-09-06,Biscuits,45.0
2024-09-07,Biscuits,25.0
2024-09-08,Biscuits,25.0
2024-09-09,Biscuits,29.0
2024-09-10,Biscuits,17.0
2024-09-11,Biscuits,14.0
2024-09-12,Biscuits,22.0
2024-09-13,Biscuits,38.0
2024-09-14,Biscuits,7.0
2024-09-15,Biscuits,21.0
2024-09-16,Biscuits,19.0
2023-01-01,Oil,42.0
2023-01-02,Oil,26.0
2023-01-03,Oil,29.0
2023-01-04,Oil,32.0
2023-01-05,Oil,26.0
2023-01-06,Oil,13.0
2023-01-07,Oil,10.0
2023-01-08,Oil,25.0
2023-01-09,Oil,15.0
2023-01-10,Oil,5.0
2023-01-11,Oil,30.0
2023-01-12,Oil,23.0
2023-01-13,Oil,11.0
2023-01-14,Oil,50.0
2023-01-15,Oil,20.0
2023-01-16,Oil,1.0
2023-01-17,Oil,8.0
2023-01-18,Oil,16.0
2023-01-19,Oil,8.0
2023-01-20,Oil,24.0
2023-01-21,Oil,43.0
2023-01-22,Oil,34.0
2023-01-23,Oil,24.0
2023-01-24,Oil,25.0
2023-01-25,Oil,15.0
2023-01-26,Oil,36.0
2023-01-27,Oil,0.0
2023-01-28,Oil,9.0
2023-01-29,Oil,28.0
2023-01-30,Oil,20.0
2023-01-31,Oil,33.0
2023-02-01,Oil,43.0
2023-02-02,Oil,9.0
2023-02-03,Oil,46.0
2023-02-04,Oil,30.0
2023-02-05,Oil,8.0
2023-02-06,Oil,14.0
2023-02-07,Oil,42.0
2023-02-08,Oil,13.0
2023-02-09,Oil,21.0
2023-02-10,Oil,22.0
2023-02-11,Oil,14.0
2023-02-12,Oil,5.0
2023-02-13,Oil,33.0
2023-02-14,Oil,36.0
2023-02-15,Oil,34.0
2023-02-16,Oil,33.0
2023-02-17,Oil,13.0
2023-02-18,Oil,58.0
2023-02-19,Oil,36.0
2023-02-20,Oil,24.0
2023-02-21,Oil,30.0
2023-02-22,Oil,22.0
2023-02-23,Oil,3.0
2023-02-24,Oil,23.0
2023-02-25,Oil,41.0
2023-02-26,Oil,31.0
2023-02-27,Oil,17.0
2023-02-28,Oil,35.0
2023-03-01,Oil,8.0
2023-03-02,Oil,26.0
2023-03-03,Oil,16.0
2023-03-04,Oil,19.0
2023-03-05,Oil,5.0
2023-03-06,Oil,28.0
2023-03-07,Oil,39.0
2023-03-08,Oil,28.0
2023-03-09,Oil,29.0
2023-03-10,Oil,28.0
2023-03-11,Oil,73.0
2023-03-12,Oil,33.0
2023-03-13,Oil,24.0
2023-03-14,Oil,16.0
2023-03-15,Oil,27.0
2023-03-16,Oil,17.0
2023-03-17,Oil,9.0
2023-03-18,Oil,23.0
2023-03-19,Oil,32.0
2023-03-20,Oil,10.0
2023-03-21,Oil,23.0
2023-03-22,Oil,27.0
2023-03-23,Oil,44.0
2023-03-24,Oil,20.0
2023-03-25,Oil,37.0
2023-03-26,Oil,39.0
2023-03-27,Oil,5.0
2023-03-28,Oil,15.0
2023-03-29,Oil,29.0
2023-03-30,Oil,14.0
2023-03-31,Oil,12.0
2023-04-01,Oil,39.0
2023-04-02,Oil,47.0
2023-04-03,Oil,43.0
2023-04-04,Oil,27.0
2023-04-05,Oil,18.0
2023-04-06,Oil,5.0
2023-04-07,Oil,22.0
2023-04-08,Oil,42.0
2023-04-09,Oil,19.0
2023-04-10,Oil,38.0
2023-04-11,Oil,20.0
2023-04-12,Oil,28.0
2023-04-13,Oil,40.0
2023-04-14,Oil,33.0
2023-04-15,Oil,30.0
2023-04-16,Oil,20.0
2023-04-17,Oil,33.0
2023-04-18,Oil,19.0
2023-04-19,Oil,2.0
2023-04-20,Oil,42.0
2023-04-21,Oil,33.0
2023-04-22,Oil,25.0
2023-04-23,Oil,33.0
2023-04-24,Oil,46.0
2023-04-25,Oil,21.0
2023-04-26,Oil,11.0
2023-04-27,Oil,2.0
2023-04-28,Oil,23.0
2023-04-29,Oil,11.0
2023-04-30,Oil,16.0
2023-05-01,Oil,24.0
2023-05-02,Oil,23.0
2023-05-03,Oil,0.0
2023-05-04,Oil,29.0
2023-05-05,Oil,20.0
2023-05-06,Oil,35.0
2023-05-07,Oil,26.0
2023-05-08,Oil,21.0
2023-05-09,Oil,33.0
2023-05-10,Oil,22.0
2023-05-11,Oil,2.0
2023-05-12,Oil,13.0
2023-05-13,Oil,28.0
2023-05-14,Oil,36.0
2023-05-15,Oil,23.0
2023-05-16,Oil,31.0
2023-05-17,Oil,41.0
2023-05-18,Oil,46.0
2023-05-19,Oil,24.0
2023-05-20,Oil,34.0
2023-05-21,Oil,31.0
2023-05-22,Oil,25.0
2023-05-23,Oil,14.0
2023-05-24,Oil,12.0
2023-05-25,Oil,14.0
2023-05-26,Oil,24.0
2023-05-27,Oil,26.0
2023-05-28,Oil,37.0
2023-05-29,Oil,22.0
2023-05-30,Oil,25.0
2023-05-31,Oil,50.0
2023-06-01,Oil,8.0
2023-06-02,Oil,30.0
2023-06-03,Oil,19.0
2023-06-04,Oil,39.0
2023-06-05,Oil,22.0
2023-06-06,Oil,48.0
2023-06-07,Oil,25.0
2023-06-08,Oil,30.0
2023-06-09,Oil,18.0
2023-06-10,Oil,27.0
2023-06-11,Oil,16.0
2023-06-12,Oil,34.0
2023-06-13,Oil,28.0
2023-06-14,Oil,24.0
2023-06-15,Oil,40.0
2023-06-16,Oil,19.0
2023-06-17,Oil,7.0
2023-06-18,Oil,24.0
2023-06-19,Oil,12.0
2023-06-20,Oil,24.0
2023-06-21,Oil,27.0
2023-06-22,Oil,18.0
2023-06-23,Oil,37.0
2023-06-24,Oil,16.0
2023-06-25,Oil,24.0
2023-06-26,Oil,8.0
2023-06-27,Oil,38.0
2023-06-28,Oil,30.0
2023-06-29,Oil,30.0
2023-06-30,Oil,41.0
2023-07-01,Oil,40.0
2023-07-02,Oil,17.0
2023-07-03,Oil,10.0
2023-07-04,Oil,24.0
2023-07-05,Oil,22.0
2023-07-06,Oil,21.0
2023-07-07,Oil,12.0
2023-07-08,Oil,22.0
2023-07-09,Oil,11.0
2023-07-10,Oil,7.0
2023-07-11,Oil,19.0
2023-07-12,Oil,17.0
2023-07-13,Oil,39.0
2023-07-14,Oil,37.0
2023-07-15,Oil,15.0
2023-07-16,Oil,14.0
2023-07-17,Oil,50.0
2023-07-18,Oil,44.0
2023-07-19,Oil,27.0
2023-07-20,Oil,21.0
2023-07-21,Oil,25.0
2023-07-22,Oil,13.0
2023-07-23,Oil,12.0
2023-07-24,Oil,51.0
2023-07-25,Oil,30.0
2023-07-26,Oil,19.0
2023-07-27,Oil,29.0
2023-07-28,Oil,35.0
2023-07-29,Oil,20.0
2023-07-30,Oil,16.0
2023-07-31,Oil,20.0
2023-08-01,Oil,41.0
2023-08-02,Oil,14.0
2023-08-03,Oil,21.0
2023-08-04,Oil,14.0
2023-08-05,Oil,29.0
2023-08-06,Oil,18.0
2023-08-07,Oil,49.0
2023-08-08,Oil,9.0
2023-08-09,Oil,32.0
2023-08-10,Oil,18.0
2023-08-11,Oil,37.0
2023-08-12,Oil,26.0
2023-08-13,Oil,22.0
2023-08-14,Oil,38.0
2023-08-15,Oil,12.0
2023-08-16,Oil,28.0
2023-08-17,Oil,20.0
2023-08-18,Oil,21.0
2023-08-19,Oil,46.0
2023-08-20,Oil,36.0
2023-08-21,Oil,13.0
2023-08-22,Oil,43.0
2023-08-23,Oil,19.0
2023-08-24,Oil,21.0
2023-08-25,Oil,18.0
2023-08-26,Oil,15.0
2023-08-27,Oil,17.0
2023-08-28,Oil,20.0
2023-08-29,Oil,26.0
2023-08-30,Oil,22.0
2023-08-31,Oil,18.0
2023-09-01,Oil,31.0
2023-09-02,Oil,10.0
2023-09-03,Oil,17.0
2023-09-04,Oil,21.0
2023-09-05,Oil,24.0
2023-09-06,Oil,24.0
2023-09-07,Oil,22.0
2023-09-08,Oil,35.0
2023-09-09,Oil,36.0
2023-09-10,Oil,29.0
2023-09-11,Oil,43.0
2023-09-12,Oil,29.0
2023-09-13,Oil,28.0
2023-09-14,Oil,29.0
2023-09-15,Oil,29.0
2023-09-16,Oil,13.0
2023-09-17,Oil,18.0
2023-09-18,Oil,28.0
2023-09-19,Oil,17.0
2023-09-20,Oil,45.0
2023-09-21,Oil,41.0
2023-09-22,Oil,15.0
2023-09-23,Oil,40.0
2023-09-24,Oil,29.0
2023-09-25,Oil,15.0
2023-09-26,Oil,23.0
2023-09-27,Oil,23.0
2023-09-28,Oil,19.0
2023-09-29,Oil,34.0
2023-09-30,Oil,17.0
2023-10-01,Oil,24.0
2023-10-02,Oil,35.0
2023-10-03,Oil,37.0
2023-10-04,Oil,34.0
2023-10-05,Oil,13.0
2023-10-06,Oil,13.0
2023-10-07,Oil,21.0
2023-10-08,Oil,7.0
2023-10-09,Oil,29.0
2023-10-10,Oil,35.0
2023-10-11,Oil,24.0
2023-10-12,Oil,20.0
2023-10-13,Oil,33.0
2023-10-14,Oil,40.0
2023-10-15,Oil,3.0
2023-10-16,Oil,33.0
2023-10-17,Oil,18.0
2023-10-18,Oil,7.0
2023-10-19,Oil,53.0
2023-10-20,Oil,26.0
2023-10-21,Oil,7.0
2023-10-22,Oil,6.0
2023-10-23,Oil,30.0
2023-10-24,Oil,17.0
2023-10-25,Oil,28.0
2023-10-26,Oil,15.0
2023-10-27,Oil,48.0
2023-10-28,Oil,37.0
2023-10-29,Oil,12.0
2023-10-30,Oil,25.0
2023-10-31,Oil,11.0
2023-11-01,Oil,29.0
2023-11-02,Oil,17.0
2023-11-03,Oil,22.0
2023-11-04,Oil,18.0
2023-11-05,Oil,36.0
2023-11-06,Oil,26.0
2023-11-07,Oil,22.0
2023-11-08,Oil,20.0
2023-11-09,Oil,24.0
2023-11-10,Oil,27.0
2023-11-11,Oil,28.0
2023-11-12,Oil,10.0
2023-11-13,Oil,22.0
2023-11-14,Oil,34.0
2023-11-15,Oil,14.0
2023-11-16,Oil,28.0
2023-11-17,Oil,9.0
2023-11-18,Oil,17.0
2023-11-19,Oil,31.0
2023-11-20,Oil,15.0
2023-11-21,Oil,21.0
2023-11-22,Oil,20.0
2023-11-23,Oil,26.0
2023-11-24,Oil,21.0
2023-11-25,Oil,42.0
2023-11-26,Oil,21.0
2023-11-27,Oil,32.0
2023-11-28,Oil,34.0
2023-11-29,Oil,3.0
2023-11-30,Oil,29.0
2023-12-01,Oil,42.0
2023-12-02,Oil,19.0
2023-12-03,Oil,15.0
2023-12-04,Oil,15.0
2023-12-05,Oil,20.0
2023-12-06,Oil,34.0
2023-12-07,Oil,21.0
2023-12-08,Oil,67.0
2023-12-09,Oil,37.0
2023-12-10,Oil,33.0
2023-12-11,Oil,31.0
2023-12-12,Oil,22.0
2023-12-13,Oil,14.0
2023-12-14,Oil,13.0
2023-12-15,Oil,27.0
2023-12-16,Oil,27.0
2023-12-17,Oil,27.0
2023-12-18,Oil,34.0
2023-12-19,Oil,39.0
2023-12-20,Oil,22.0
2023-12-21,Oil,21.0
2023-12-22,Oil,8.0
2023-12-23,Oil,28.0
2023-12-24,Oil,18.0
2023-12-25,Oil,32.0
2023-12-26,Oil,12.0
2023-12-27,Oil,15.0
2023-12-28,Oil,20.0
2023-12-29,Oil,22.0
2023-12-30,Oil,28.0
2023-12-31,Oil,28.0
2024-01-01,Oil,11.0
2024-01-02,Oil,25.0
2024-01-03,Oil,33.0
2024-01-04,Oil,20.0
2024-01-05,Oil,9.0
2024-01-06,Oil,29.0
2024-01-07,Oil,21.0
2024-01-08,Oil,19.0
2024-01-09,Oil,37.0
2024-01-10,Oil,27.0
2024-01-11,Oil,46.0
2024-01-12,Oil,9.0
2024-01-13,Oil,20.0
2024-01-14,Oil,9.0
2024-01-15,Oil,20.0
2024-01-16,Oil,39.0
2024-01-17,Oil,22.0
2024-01-18,Oil,32.0
2024-01-19,Oil,1.0
2024-01-20,Oil,29.0
2024-01-21,Oil,33.0
2024-01-22,Oil,39.0
2024-01-23,Oil,29.0
2024-01-24,Oil,33.0
2024-01-25,Oil,18.0
2024-01-26,Oil,35.0
2024-01-27,Oil,20.0
2024-01-28,Oil,59.0
2024-01-29,Oil,8.0
2024-01-30,Oil,16.0
2024-01-31,Oil,35.0
2024-02-01,Oil,14.0
2024-02-02,Oil,15.0
2024-02-03,Oil,16.0
2024-02-04,Oil,34.0
2024-02-05,Oil,9.0
2024-02-06,Oil,38.0
2024-02-07,Oil,25.0
2024-02-08,Oil,17.0
2024-02-09,Oil,51.0
2024-02-10,Oil,49.0
2024-02-11,Oil,22.0
2024-02-12,Oil,20.0
2024-02-13,Oil,16.0
2024-02-14,Oil,28.0
2024-02-15,Oil,30.0
2024-02-16,Oil,30.0
2024-02-17,Oil,48.0
2024-02-18,Oil,20.0
2024-02-19,Oil,21.0
2024-02-20,Oil,46.0
2024-02-21,Oil,21.0
2024-02-22,Oil,15.0
2024-02-23,Oil,8.0
2024-02-24,Oil,12.0
2024-02-25,Oil,20.0
2024-02-26,Oil,31.0
2024-02-27,Oil,13.0
2024-02-28,Oil,33.0
2024-02-29,Oil,4.0
2024-03-01,Oil,10.0
2024-03-02,Oil,5.0
2024-03-03,Oil,17.0
2024-03-04,Oil,27.0
2024-03-05,Oil,43.0
2024-03-06,Oil,16.0
2024-03-07,Oil,32.0
2024-03-08,Oil,12.0
2024-03-09,Oil,3.0
2024-03-10,Oil,22.0
2024-03-11,Oil,2.0
2024-03-12,Oil,29.0
2024-03-13,Oil,39.0
2024-03-14,Oil,21.0
2024-03-15,Oil,36.0
2024-03-16,Oil,62.0
2024-03-17,Oil,19.0
2024-03-18,Oil,9.0
2024-03-19,Oil,12.0
2024-03-20,Oil,11.0
2024-03-21,Oil,27.0
2024-03-22,Oil,19.0
2024-03-23,Oil,33.0
2024-03-24,Oil,44.0
2024-03-25,Oil,37.0
2024-03-26,Oil,31.0
2024-03-27,Oil,22.0
2024-03-28,Oil,18.0
2024-03-29,Oil,24.0
2024-03-30,Oil,25.0
2024-03-31,Oil,2.0
2024-04-01,Oil,11.0
2024-04-02,Oil,25.0
2024-04-03,Oil,8.0
2024-04-04,Oil,29.0
2024-04-05,Oil,20.0
2024-04-06,Oil,23.0
2024-04-07,Oil,23.0
2024-04-08,Oil,63.0
2024-04-09,Oil,15.0
2024-04-10,Oil,31.0
2024-04-11,Oil,7.0
2024-04-12,Oil,7.0
2024-04-13,Oil,14.0
2024-04-14,Oil,26.0
2024-04-15,Oil,19.0
2024-04-16,Oil,20.0
2024-04-17,Oil,49.0
2024-04-18,Oil,22.0
2024-04-19,Oil,42.0
2024-04-20,Oil,29.0
2024-04-21,Oil,8.0
2024-04-22,Oil,19.0
2024-04-23,Oil,32.0
2024-04-24,Oil,12.0
2024-04-25,Oil,22.0
2024-04-26,Oil,15.0
2024-04-27,Oil,48.0
2024-04-28,Oil,7.0
2024-04-29,Oil,22.0
2024-04-30,Oil,30.0
2024-05-01,Oil,13.0
2024-05-02,Oil,12.0
2024-05-03,Oil,5.0
2024-05-04,Oil,21.0
2024-05-05,Oil,0.0
2024-05-06,Oil,30.0
2024-05-07,Oil,15.0
2024-05-08,Oil,17.0
2024-05-09,Oil,18.0
2024-05-10,Oil,48.0
2024-05-11,Oil,25.0
2024-05-12,Oil,55.0
2024-05-13,Oil,19.0
2024-05-14,Oil,16.0
2024-05-15,Oil,32.0
2024-05-16,Oil,24.0
2024-05-17,Oil,12.0
2024-05-18,Oil,23.0
2024-05-19,Oil,6.0
2024-05-20,Oil,21.0
2024-05-21,Oil,28.0
2024-05-22,Oil,19.0
2024-05-23,Oil,16.0
2024-05-24,Oil,15.0
2024-05-25,Oil,36.0
2024-05-26,Oil,23.0
2024-05-27,Oil,42.0
2024-05-28,Oil,9.0
2024-05-29,Oil,7.0
2024-05-30,Oil,14.0
2024-05-31,Oil,9.0
2024-06-01,Oil,17.0
2024-06-02,Oil,7.0
2024-06-03,Oil,20.0
2024-06-04,Oil,5.0
2024-06-05,Oil,40.0
2024-06-06,Oil,24.0
2024-06-07,Oil,17.0
2024-06-08,Oil,36.0
2024-06-09,Oil,23.0
2024-06-10,Oil,36.0
2024-06-11,Oil,18.0
2024-06-12,Oil,34.0
2024-06-13,Oil,50.0
2024-06-14,Oil,27.0
2024-06-15,Oil,24.0
2024-06-16,Oil,36.0
2024-06-17,Oil,30.0
2024-06-18,Oil,33.0
2024-06-19,Oil,28.0
2024-06-20,Oil,32.0
2024-06-21,Oil,35.0
2024-06-22,Oil,13.0
2024-06-23,Oil,20.0
2024-06-24,Oil,38.0
2024-06-25,Oil,19.0
2024-06-26,Oil,10.0
2024-06-27,Oil,36.0
2024-06-28,Oil,32.0
2024-06-29,Oil,16.0
2024-06-30,Oil,17.0
2024-07-01,Oil,35.0
2024-07-02,Oil,29.0
2024-07-03,Oil,22.0
2024-07-04,Oil,31.0
2024-07-05,Oil,11.0
2024-07-06,Oil,22.0
2024-07-07,Oil,23.0
2024-07-08,Oil,28.0
2024-07-09,Oil,22.0
2024-07-10,Oil,22.0
2024-07-11,Oil,38.0
2024-07-12,Oil,26.0
2024-07-13,Oil,23.0
2024-07-14,Oil,7.0
2024-07-15,Oil,26.0
2024-07-16,Oil,33.0
2024-07-17,Oil,13.0
2024-07-18,Oil,15.0
2024-07-19,Oil,20.0
2024-07-20,Oil,32.0
2024-07-21,Oil,21.0
2024-07-22,Oil,39.0
2024-07-23,Oil,28.0
2024-07-24,Oil,13.0
2024-07-25,Oil,34.0
2024-07-26,Oil,34.0
2024-07-27,Oil,22.0
2024-07-28,Oil,15.0
2024-07-29,Oil,19.0
2024-07-30,Oil,28.0
2024-07-31,Oil,32.0
2024-08-01,Oil,32.0
2024-08-02,Oil,14.0
2024-08-03,Oil,39.0
2024-08-04,Oil,37.0
2024-08-05,Oil,22.0
2024-08-06,Oil,42.0
2024-08-07,Oil,20.0
2024-08-08,Oil,22.0
2024-08-09,Oil,14.0
2024-08-10,Oil,23.0
2024-08-11,Oil,9.0
2024-08-12,Oil,46.0
2024-08-13,Oil,16.0
2024-08-14,Oil,37.0
2024-08-15,Oil,29.0
2024-08-16,Oil,7.0
2024-08-17,Oil,32.0
2024-08-18,Oil,34.0
2024-08-19,Oil,20.0
2024-08-20,Oil,26.0
2024-08-21,Oil,21.0
2024-08-22,Oil,17.0
2024-08-23,Oil,17.0
2024-08-24,Oil,27.0
2024-08-25,Oil,18.0
2024-08-26,Oil,12.0
2024-08-27,Oil,10.0
2024-08-28,Oil,28.0
2024-08-29,Oil,26.0
2024-08-30,Oil,12.0
2024-08-31,Oil,12.0
2024-09-01,Oil,21.0
2024-09-02,Oil,20.0
2024-09-03,Oil,37.0
2024-09-04,Oil,24.0
2024-09-05,Oil,14.0
2024-09-06,Oil,18.0
2024-09-07,Oil,32.0
2024-09-08,Oil,22.0
2024-09-09,Oil,14.0
2024-09-10,Oil,21.0
2024-09-11,Oil,40.0
2024-09-12,Oil,21.0
2024-09-13,Oil,10.0
2024-09-14,Oil,45.0
2024-09-15,Oil,32.0
2024-09-16,Oil,33.0
2023-01-01,Rice,34.0
2023-01-02,Rice,18.0
2023-01-03,Rice,13.0
2023-01-04,Rice,25.0
2023-01-05,Rice,19.0
2023-01-06,Rice,25.0
2023-01-07,Rice,20.0
2023-01-08,Rice,17.0
2023-01-09,Rice,33.0
2023-01-10,Rice,31.0
2023-01-11,Rice,30.0
2023-01-12,Rice,11.0
2023-01-13,Rice,27.0
2023-01-14,Rice,19.0
2023-01-15,Rice,17.0
2023-01-16,Rice,27.0
2023-01-17,Rice,40.0
2023-01-18,Rice,33.0
2023-01-19,Rice,36.0
2023-01-20,Rice,11.0
2023-01-21,Rice,29.0
2023-01-22,Rice,28.0
2023-01-23,Rice,13.0
2023-01-24,Rice,26.0
2023-01-25,Rice,18.0
2023-01-26,Rice,13.0
2023-01-27,Rice,35.0
2023-01-28,Rice,23.0
2023-01-29,Rice,30.0
2023-01-30,Rice,9.0
2023-01-31,Rice,19.0
2023-02-01,Rice,40.0
2023-02-02,Rice,16.0
2023-02-03,Rice,20.0
2023-02-04,Rice,39.0
2023-02-05,Rice,26.0
2023-02-06,Rice,30.0
2023-02-07,Rice,33.0
2023-02-08,Rice,8.0
2023-02-09,Rice,28.0
2023-02-10,Rice,11.0
2023-02-11,Rice,40.0
2023-02-12,Rice,12.0
2023-02-13,Rice,25.0
2023-02-14,Rice,27.0
2023-02-15,Rice,22.0
2023-02-16,Rice,16.0
2023-02-17,Rice,30.0
2023-02-18,Rice,25.0
2023-02-19,Rice,42.0
2023-02-20,Rice,15.0
2023-02-21,Rice,20.0
2023-02-22,Rice,29.0
2023-02-23,Rice,20.0
2023-02-24,Rice,19.0
2023-02-25,Rice,16.0
2023-02-26,Rice,24.0
2023-02-27,Rice,5.0
2023-02-28,Rice,6.0
2023-03-01,Rice,24.0
2023-03-02,Rice,16.0
2023-03-03,Rice,42.0
2023-03-04,Rice,29.0
2023-03-05,Rice,44.0
2023-03-06,Rice,26.0
2023-03-07,Rice,8.0
2023-03-08,Rice,3.0
2023-03-09,Rice,53.0
2023-03-10,Rice,23.0
2023-03-11,Rice,19.0
2023-03-12,Rice,24.0
2023-03-13,Rice,17.0
2023-03-14,Rice,19.0
2023-03-15,Rice,11.0
2023-03-16,Rice,44.0
2023-03-17,Rice,45.0
2023-03-18,Rice,23.0
2023-03-19,Rice,20.0
2023-03-20,Rice,32.0
2023-03-21,Rice,39.0
2023-03-22,Rice,21.0
2023-03-23,Rice,20.0
2023-03-24,Rice,11.0
2023-03-25,Rice,16.0
2023-03-26,Rice,12.0
2023-03-27,Rice,35.0
2023-03-28,Rice,34.0
2023-03-29,Rice,30.0
2023-03-30,Rice,21.0
2023-03-31,Rice,30.0
2023-04-01,Rice,36.0
2023-04-02,Rice,28.0
2023-04-03,Rice,10.0
2023-04-04,Rice,8.0
2023-04-05,Rice,41.0
2023-04-06,Rice,48.0
2023-04-07,Rice,35.0
2023-04-08,Rice,23.0
2023-04-09,Rice,13.0
2023-04-10,Rice,22.0
2023-04-11,Rice,2.0
2023-04-12,Rice,13.0
2023-04-13,Rice,23.0
2023-04-14,Rice,29.0
2023-04-15,Rice,29.0
2023-04-16,Rice,31.0
2023-04-17,Rice,20.0
2023-04-18,Rice,25.0
2023-04-19,Rice,27.0
2023-04-20,Rice,19.0
2023-04-21,Rice,8.0
2023-04-22,Rice,0.0
2023-04-23,Rice,27.0
2023-04-24,Rice,14.0
2023-04-25,Rice,34.0
2023-04-26,Rice,17.0
2023-04-27,Rice,24.0
2023-04-28,Rice,20.0
2023-04-29,Rice,29.0
2023-04-30,Rice,28.0
2023-05-01,Rice,15.0
2023-05-02,Rice,16.0
2023-05-03,Rice,31.0
2023-05-04,Rice,5.0
2023-05-05,Rice,21.0
2023-05-06,Rice,9.0
2023-05-07,Rice,38.0
2023-05-08,Rice,45.0
2023-05-09,Rice,15.0
2023-05-10,Rice,16.0
2023-05-11,Rice,27.0
2023-05-12,Rice,17.0
2023-05-13,Rice,29.0
2023-05-14,Rice,17.0
2023-05-15,Rice,25.0
2023-05-16,Rice,32.0
2023-05-17,Rice,21.0
2023-05-18,Rice,11.0
2023-05-19,Rice,2.0
2023-05-20,Rice,9.0
2023-05-21,Rice,21.0
2023-05-22,Rice,15.0
2023-05-23,Rice,14.0
2023-05-24,Rice,5.0
2023-05-25,Rice,36.0
2023-05-26,Rice,18.0
2023-05-27,Rice,17.0
2023-05-28,Rice,26.0
2023-05-29,Rice,32.0
2023-05-30,Rice,32.0
2023-05-31,Rice,26.0
2023-06-01,Rice,23.0
2023-06-02,Rice,2.0
2023-06-03,Rice,31.0
2023-06-04,Rice,15.0
2023-06-05,Rice,26.0
2023-06-06,Rice,29.0
2023-06-07,Rice,43.0
2023-06-08,Rice,14.0
2023-06-09,Rice,33.0
2023-06-10,Rice,28.0
2023-06-11,Rice,29.0
2023-06-12,Rice,42.0
2023-06-13,Rice,29.0
2023-06-14,Rice,21.0
2023-06-15,Rice,20.0
2023-06-16,Rice,23.0
2023-06-17,Rice,16.0
2023-06-18,Rice,13.0
2023-06-19,Rice,42.0
2023-06-20,Rice,51.0
2023-06-21,Rice,28.0
2023-06-22,Rice,32.0
2023-06-23,Rice,13.0
2023-06-24,Rice,22.0
2023-06-25,Rice,24.0
2023-06-26,Rice,27.0
2023-06-27,Rice,37.0
2023-06-28,Rice,15.0
2023-06-29,Rice,33.0
2023-06-30,Rice,22.0
2023-07-01,Rice,34.0
2023-07-02,Rice,33.0
2023-07-03,Rice,38.0
2023-07-04,Rice,8.0
2023-07-05,Rice,30.0
2023-07-06,Rice,13.0
2023-07-07,Rice,8.0
2023-07-08,Rice,20.0
2023-07-09,Rice,58.0
2023-07-10,Rice,20.0
2023-07-11,Rice,15.0
2023-07-12,Rice,33.0
2023-07-13,Rice,37.0
2023-07-14,Rice,25.0
2023-07-15,Rice,31.0
2023-07-16,Rice,23.0
2023-07-17,Rice,4.0
2023-07-18,Rice,12.0
2023-07-19,Rice,26.0
2023-07-20,Rice,13.0
2023-07-21,Rice,26.0
2023-07-22,Rice,21.0
2023-07-23,Rice,24.0
2023-07-24,Rice,24.0
2023-07-25,Rice,11.0
2023-07-26,Rice,12.0
2023-07-27,Rice,14.0
2023-07-28,Rice,11.0
2023-07-29,Rice,30.0
2023-07-30,Rice,50.0
2023-07-31,Rice,18.0
2023-08-01,Rice,5.0
2023-08-02,Rice,16.0
2023-08-03,Rice,26.0
2023-08-04,Rice,30.0
2023-08-05,Rice,44.0
2023-08-06,Rice,23.0
2023-08-07,Rice,46.0
2023-08-08,Rice,22.0
2023-08-09,Rice,6.0
2023-08-10,Rice,37.0
2023-08-11,Rice,1.0
2023-08-12,Rice,12.0
2023-08-13,Rice,26.0
2023-08-14,Rice,19.0
2023-08-15,Rice,11.0
2023-08-16,Rice,41.0
2023-08-17,Rice,13.0
2023-08-18,Rice,27.0
2023-08-19,Rice,37.0
2023-08-20,Rice,0.0
2023-08-21,Rice,32.0
2023-08-22,Rice,25.0
2023-08-23,Rice,49.0
2023-08-24,Rice,21.0
2023-08-25,Rice,47.0
2023-08-26,Rice,37.0
2023-08-27,Rice,40.0
2023-08-28,Rice,22.0
2023-08-29,Rice,39.0
2023-08-30,Rice,18.0
2023-08-31,Rice,14.0
2023-09-01,Rice,22.0
2023-09-02,Rice,20.0
2023-09-03,Rice,19.0
2023-09-04,Rice,9.0
2023-09-05,Rice,36.0
2023-09-06,Rice,19.0
2023-09-07,Rice,23.0
2023-09-08,Rice,30.0
2023-09-09,Rice,11.0
2023-09-10,Rice,14.0
2023-09-11,Rice,15.0
2023-09-12,Rice,37.0
2023-09-13,Rice,18.0
2023-09-14,Rice,23.0
2023-09-15,Rice,27.0
2023-09-16,Rice,35.0
2023-09-17,Rice,18.0
2023-09-18,Rice,13.0
2023-09-19,Rice,44.0
2023-09-20,Rice,12.0
2023-09-21,Rice,31.0
2023-09-22,Rice,40.0
2023-09-23,Rice,20.0
2023-09-24,Rice,41.0
2023-09-25,Rice,32.0
2023-09-26,Rice,12.0
2023-09-27,Rice,21.0
2023-09-28,Rice,14.0
2023-09-29,Rice,22.0
2023-09-30,Rice,61.0
2023-10-01,Rice,43.0
2023-10-02,Rice,27.0
2023-10-03,Rice,30.0
2023-10-04,Rice,15.0
2023-10-05,Rice,29.0
2023-10-06,Rice,24.0
2023-10-07,Rice,14.0
2023-10-08,Rice,37.0
2023-10-09,Rice,12.0
2023-10-10,Rice,17.0
2023-10-11,Rice,29.0
2023-10-12,Rice,15.0
2023-10-13,Rice,20.0
2023-10-14,Rice,29.0
2023-10-15,Rice,35.0
2023-10-16,Rice,31.0
2023-10-17,Rice,37.0
2023-10-18,Rice,17.0
2023-10-19,Rice,35.0
2023-10-20,Rice,21.0
2023-10-21,Rice,37.0
2023-10-22,Rice,23.0
2023-10-23,Rice,27.0
2023-10-24,Rice,27.0
2023-10-25,Rice,7.0
2023-10-26,Rice,33.0
2023-10-27,Rice,29.0
2023-10-28,Rice,19.0
2023-10-29,Rice,25.0
2023-10-30,Rice,33.0
2023-10-31,Rice,0.0
2023-11-01,Rice,20.0
2023-11-02,Rice,44.0
2023-11-03,Rice,39.0
2023-11-04,Rice,31.0
2023-11-05,Rice,18.0
2023-11-06,Rice,8.0
2023-11-07,Rice,7.0
2023-11-08,Rice,19.0
2023-11-09,Rice,2.0
2023-11-10,Rice,11.0
2023-11-11,Rice,28.0
2023-11-12,Rice,18.0
2023-11-13,Rice,33.0
2023-11-14,Rice,8.0
2023-11-15,Rice,27.0
2023-11-16,Rice,18.0
2023-11-17,Rice,55.0
2023-11-18,Rice,38.0
2023-11-19,Rice,16.0
2023-11-20,Rice,19.0
2023-11-21,Rice,34.0
2023-11-22,Rice,16.0
2023-11-23,Rice,37.0
2023-11-24,Rice,37.0
2023-11-25,Rice,24.0
2023-11-26,Rice,26.0
2023-11-27,Rice,29.0
2023-11-28,Rice,12.0
2023-11-29,Rice,25.0
2023-11-30,Rice,18.0
2023-12-01,Rice,11.0
2023-12-02,Rice,19.0
2023-12-03,Rice,39.0
2023-12-04,Rice,21.0
2023-12-05,Rice,25.0
2023-12-06,Rice,16.0
2023-12-07,Rice,26.0
2023-12-08,Rice,25.0
2023-12-09,Rice,30.0
2023-12-10,Rice,12.0
2023-12-11,Rice,38.0
2023-12-12,Rice,15.0
2023-12-13,Rice,30.0
2023-12-14,Rice,24.0
2023-12-15,Rice,12.0
2023-12-16,Rice,29.0
2023-12-17,Rice,26.0
2023-12-18,Rice,13.0
2023-12-19,Rice,36.0
2023-12-20,Rice,22.0
2023-12-21,Rice,16.0
2023-12-22,Rice,27.0
2023-12-23,Rice,10.0
2023-12-24,Rice,14.0
2023-12-25,Rice,15.0
2023-12-26,Rice,22.0
2023-12-27,Rice,21.0
2023-12-28,Rice,36.0
2023-12-29,Rice,27.0
2023-12-30,Rice,39.0
2023-12-31,Rice,11.0
2024-01-01,Rice,30.0
2024-01-02,Rice,5.0
2024-01-03,Rice,31.0
2024-01-04,Rice,37.0
2024-01-05,Rice,40.0
2024-01-06,Rice,21.0
2024-01-07,Rice,20.0
2024-01-08,Rice,37.0
2024-01-09,Rice,32.0
2024-01-10,Rice,27.0
2024-01-11,Rice,23.0
2024-01-12,Rice,33.0
2024-01-13,Rice,10.0
2024-01-14,Rice,18.0
2024-01-15,Rice,12.0
2024-01-16,Rice,20.0
2024-01-17,Rice,24.0
2024-01-18,Rice,23.0
2024-01-19,Rice,25.0
2024-01-20,Rice,14.0
2024-01-21,Rice,16.0
2024-01-22,Rice,20.0
2024-01-23,Rice,28.0
2024-01-24,Rice,19.0
2024-01-25,Rice,30.0
2024-01-26,Rice,35.0
2024-01-27,Rice,33.0
2024-01-28,Rice,9.0
2024-01-29,Rice,38.0
2024-01-30,Rice,37.0
2024-01-31,Rice,17.0
2024-02-01,Rice,47.0
2024-02-02,Rice,21.0
2024-02-03,Rice,30.0
2024-02-04,Rice,40.0
2024-02-05,Rice,50.0
2024-02-06,Rice,30.0
2024-02-07,Rice,7.0
2024-02-08,Rice,22.0
2024-02-09,Rice,22.0
2024-02-10,Rice,39.0
2024-02-11,Rice,29.0
2024-02-12,Rice,30.0
2024-02-13,Rice,27.0
2024-02-14,Rice,14.0
2024-02-15,Rice,12.0
2024-02-16,Rice,34.0
2024-02-17,Rice,8.0
2024-02-18,Rice,26.0
2024-02-19,Rice,25.0
2024-02-20,Rice,24.0
2024-02-21,Rice,17.0
2024-02-22,Rice,22.0
2024-02-23,Rice,13.0
2024-02-24,Rice,44.0
2024-02-25,Rice,18.0
2024-02-26,Rice,15.0
2024-02-27,Rice,18.0
2024-02-28,Rice,17.0
2024-02-29,Rice,26.0
2024-03-01,Rice,55.0
2024-03-02,Rice,25.0
2024-03-03,Rice,20.0
2024-03-04,Rice,19.0
2024-03-05,Rice,12.0
2024-03-06,Rice,44.0
2024-03-07,Rice,19.0
2024-03-08,Rice,20.0
2024-03-09,Rice,16.0
2024-03-10,Rice,31.0
2024-03-11,Rice,25.0
2024-03-12,Rice,28.0
2024-03-13,Rice,28.0
2024-03-14,Rice,19.0
2024-03-15,Rice,41.0
2024-03-16,Rice,50.0
2024-03-17,Rice,14.0
2024-03-18,Rice,21.0
2024-03-19,Rice,59.0
2024-03-20,Rice,21.0
2024-03-21,Rice,26.0
2024-03-22,Rice,16.0
2024-03-23,Rice,32.0
2024-03-24,Rice,23.0
2024-03-25,Rice,34.0
2024-03-26,Rice,29.0
2024-03-27,Rice,23.0
2024-03-28,Rice,42.0
2024-03-29,Rice,19.0
2024-03-30,Rice,16.0
2024-03-31,Rice,12.0
2024-04-01,Rice,37.0
2024-04-02,Rice,21.0
2024-04-03,Rice,49.0
2024-04-04,Rice,6.0
2024-04-05,Rice,13.0
2024-04-06,Rice,27.0
2024-04-07,Rice,10.0
2024-04-08,Rice,16.0
2024-04-09,Rice,12.0
2024-04-10,Rice,16.0
2024-04-11,Rice,27.0
2024-04-12,Rice,26.0
2024-04-13,Rice,9.0
2024-04-14,Rice,30.0
2024-04-15,Rice,25.0
2024-04-16,Rice,21.0
2024-04-17,Rice,19.0
2024-04-18,Rice,39.0
2024-04-19,Rice,11.0
2024-04-20,Rice,21.0
2024-04-21,Rice,11.0
2024-04-22,Rice,24.0
2024-04-23,Rice,28.0
2024-04-24,Rice,40.0
2024-04-25,Rice,22.0
2024-04-26,Rice,19.0
2024-04-27,Rice,37.0
2024-04-28,Rice,1.0
2024-04-29,Rice,23.0
2024-04-30,Rice,20.0
2024-05-01,Rice,23.0
2024-05-02,Rice,19.0
2024-05-03,Rice,6.0
2024-05-04,Rice,40.0
2024-05-05,Rice,25.0
2024-05-06,Rice,17.0
2024-05-07,Rice,26.0
2024-05-08,Rice,20.0
2024-05-09,Rice,18.0
2024-05-10,Rice,12.0
2024-05-11,Rice,27.0
2024-05-12,Rice,40.0
2024-05-13,Rice,8.0
2024-05-14,Rice,25.0
2024-05-15,Rice,19.0
2024-05-16,Rice,1.0
2024-05-17,Rice,43.0
2024-05-18,Rice,24.0
2024-05-19,Rice,18.0
2024-05-20,Rice,47.0
2024-05-21,Rice,11.0
2024-05-22,Rice,18.0
2024-05-23,Rice,13.0
2024-05-24,Rice,0.0
2024-05-25,Rice,16.0
2024-05-26,Rice,19.0
2024-05-27,Rice,15.0
2024-05-28,Rice,3.0
2024-05-29,Rice,32.0
2024-05-30,Rice,20.0
2024-05-31,Rice,25.0
2024-06-01,Rice,36.0
2024-06-02,Rice,18.0
2024-06-03,Rice,7.0
2024-06-04,Rice,32.0
2024-06-05,Rice,20.0
2024-06-06,Rice,24.0
2024-06-07,Rice,41.0
2024-06-08,Rice,22.0
2024-06-09,Rice,32.0
2024-06-10,Rice,21.0
2024-06-11,Rice,25.0
2024-06-12,Rice,18.0
2024-06-13,Rice,13.0
2024-06-14,Rice,28.0
2024-06-15,Rice,25.0
2024-06-16,Rice,29.0
2024-06-17,Rice,23.0
2024-06-18,Rice,30.0
2024-06-19,Rice,27.0
2024-06-20,Rice,30.0
2024-06-21,Rice,1.0
2024-06-22,Rice,27.0
2024-06-23,Rice,28.0
2024-06-24,Rice,15.0
2024-06-25,Rice,24.0
2024-06-26,Rice,19.0
2024-06-27,Rice,41.0
2024-06-28,Rice,19.0
2024-06-29,Rice,22.0
2024-06-30,Rice,36.0
2024-07-01,Rice,30.0
2024-07-02,Rice,16.0
2024-07-03,Rice,11.0
2024-07-04,Rice,20.0
2024-07-05,Rice,35.0
2024-07-06,Rice,22.0
2024-07-07,Rice,24.0
2024-07-08,Rice,16.0
2024-07-09,Rice,21.0
2024-07-10,Rice,12.0
2024-07-11,Rice,15.0
2024-07-12,Rice,23.0
2024-07-13,Rice,44.0
2024-07-14,Rice,37.0
2024-07-15,Rice,16.0
2024-07-16,Rice,13.0
2024-07-17,Rice,20.0
2024-07-18,Rice,14.0
2024-07-19,Rice,40.0
2024-07-20,Rice,38.0
2024-07-21,Rice,16.0
2024-07-22,Rice,29.0
2024-07-23,Rice,25.0
2024-07-24,Rice,13.0
2024-07-25,Rice,12.0
2024-07-26,Rice,7.0
2024-07-27,Rice,35.0
2024-07-28,Rice,13.0
2024-07-29,Rice,20.0
2024-07-30,Rice,29.0
2024-07-31,Rice,26.0
2024-08-01,Rice,24.0
2024-08-02,Rice,2.0
2024-08-03,Rice,28.0
2024-08-04,Rice,15.0
2024-08-05,Rice,14.0
2024-08-06,Rice,27.0
2024-08-07,Rice,15.0
2024-08-08,Rice,25.0
2024-08-09,Rice,16.0
2024-08-10,Rice,22.0
2024-08-11,Rice,22.0
2024-08-12,Rice,16.0
2024-08-13,Rice,21.0
2024-08-14,Rice,26.0
2024-08-15,Rice,34.0
2024-08-16,Rice,37.0
2024-08-17,Rice,29.0
2024-08-18,Rice,3.0
2024-08-19,Rice,32.0
2024-08-20,Rice,21.0
2024-08-21,Rice,20.0
2024-08-22,Rice,37.0
2024-08-23,Rice,8.0
2024-08-24,Rice,23.0
2024-08-25,Rice,29.0
2024-08-26,Rice,39.0
2024-08-27,Rice,20.0
2024-08-28,Rice,46.0
2024-08-29,Rice,38.0
2024-08-30,Rice,15.0
2024-08-31,Rice,12.0
2024-09-01,Rice,28.0
2024-09-02,Rice,36.0
2024-09-03,Rice,3.0
2024-09-04,Rice,26.0
2024-09-05,Rice,34.0
2024-09-06,Rice,40.0
2024-09-07,Rice,16.0
2024-09-08,Rice,30.0
2024-09-09,Rice,29.0
2024-09-10,Rice,12.0
2024-09-11,Rice,25.0
2024-09-12,Rice,27.0
2024-09-13,Rice,21.0
2024-09-14,Rice,40.0
2024-09-15,Rice,16.0
2024-09-16,Rice,23.0
2023-01-01,Shampoo,6.0
2023-01-02,Shampoo,3.0
2023-01-03,Shampoo,35.0
2023-01-04,Shampoo,43.0
2023-01-05,Shampoo,22.0
2023-01-06,Shampoo,35.0
2023-01-07,Shampoo,24.0
2023-01-08,Shampoo,27.0
2023-01-09,Shampoo,19.0
2023-01-10,Shampoo,20.0
2023-01-11,Shampoo,33.0
2023-01-12,Shampoo,42.0
2023-01-13,Shampoo,27.0
2023-01-14,Shampoo,15.0
2023-01-15,Shampoo,21.0
2023-01-16,Shampoo,38.0
2023-01-17,Shampoo,17.0
2023-01-18,Shampoo,12.0
2023-01-19,Shampoo,10.0
2023-01-20,Shampoo,7.0
2023-01-21,Shampoo,10.0
2023-01-22,Shampoo,31.0
2023-01-23,Shampoo,33.0
2023-01-24,Shampoo,26.0
2023-01-25,Shampoo,11.0
2023-01-26,Shampoo,25.0
2023-01-27,Shampoo,11.0
2023-01-28,Shampoo,33.0
2023-01-29,Shampoo,12.0
2023-01-30,Shampoo,19.0
2023-01-31,Shampoo,7.0
2023-02-01,Shampoo,18.0
2023-02-02,Shampoo,25.0
2023-02-03,Shampoo,17.0
2023-02-04,Shampoo,34.0
2023-02-05,Shampoo,26.0
2023-02-06,Shampoo,29.0
2023-02-07,Shampoo,16.0
2023-02-08,Shampoo,34.0
2023-02-09,Shampoo,33.0
2023-02-10,Shampoo,48.0
2023-02-11,Shampoo,26.0
2023-02-12,Shampoo,29.0
2023-02-13,Shampoo,26.0
2023-02-14,Shampoo,29.0
2023-02-15,Shampoo,27.0
2023-02-16,Shampoo,4.0
2023-02-17,Shampoo,19.0
2023-02-18,Shampoo,9.0
2023-02-19,Shampoo,18.0
2023-02-20,Shampoo,17.0
2023-02-21,Shampoo,32.0
2023-02-22,Shampoo,35.0
2023-02-23,Shampoo,11.0
2023-02-24,Shampoo,16.0
2023-02-25,Shampoo,22.0
2023-02-26,Shampoo,28.0
2023-02-27,Shampoo,38.0
2023-02-28,Shampoo,31.0
2023-03-01,Shampoo,55.0
2023-03-02,Shampoo,31.0
2023-03-03,Shampoo,11.0
2023-03-04,Shampoo,35.0
2023-03-05,Shampoo,47.0
2023-03-06,Shampoo,17.0
2023-03-07,Shampoo,19.0
2023-03-08,Shampoo,31.0
2023-03-09,Shampoo,11.0
2023-03-10,Shampoo,31.0
2023-03-11,Shampoo,27.0
2023-03-12,Shampoo,22.0
2023-03-13,Shampoo,2.0
2023-03-14,Shampoo,29.0
2023-03-15,Shampoo,30.0
2023-03-16,Shampoo,27.0
2023-03-17,Shampoo,23.0
2023-03-18,Shampoo,4.0
2023-03-19,Shampoo,22.0
2023-03-20,Shampoo,32.0
2023-03-21,Shampoo,26.0
2023-03-22,Shampoo,28.0
2023-03-23,Shampoo,6.0
2023-03-24,Shampoo,16.0
2023-03-25,Shampoo,16.0
2023-03-26,Shampoo,30.0
2023-03-27,Shampoo,28.0
2023-03-28,Shampoo,15.0
2023-03-29,Shampoo,27.0
2023-03-30,Shampoo,9.0
2023-03-31,Shampoo,2.0
2023-04-01,Shampoo,14.0
2023-04-02,Shampoo,15.0
2023-04-03,Shampoo,22.0
2023-04-04,Shampoo,35.0
2023-04-05,Shampoo,18.0
2023-04-06,Shampoo,16.0
2023-04-07,Shampoo,35.0
2023-04-08,Shampoo,11.0
2023-04-09,Shampoo,28.0
2023-04-10,Shampoo,33.0
2023-04-11,Shampoo,46.0
2023-04-12,Shampoo,11.0
2023-04-13,Shampoo,10.0
2023-04-14,Shampoo,11.0
2023-04-15,Shampoo,10.0
2023-04-16,Shampoo,39.0
2023-04-17,Shampoo,14.0
2023-04-18,Shampoo,44.0
2023-04-19,Shampoo,6.0
2023-04-20,Shampoo,11.0
2023-04-21,Shampoo,38.0
2023-04-22,Shampoo,32.0
2023-04-23,Shampoo,8.0
2023-04-24,Shampoo,30.0
2023-04-25,Shampoo,17.0
2023-04-26,Shampoo,28.0
2023-04-27,Shampoo,52.0
2023-04-28,Shampoo,14.0
2023-04-29,Shampoo,11.0
2023-04-30,Shampoo,17.0
2023-05-01,Shampoo,27.0
2023-05-02,Shampoo,45.0
2023-05-03,Shampoo,44.0
2023-05-04,Shampoo,44.0
2023-05-05,Shampoo,49.0
2023-05-06,Shampoo,19.0
2023-05-07,Shampoo,9.0
2023-05-08,Shampoo,24.0
2023-05-09,Shampoo,31.0
2023-05-10,Shampoo,43.0
2023-05-11,Shampoo,32.0
2023-05-12,Shampoo,31.0
2023-05-13,Shampoo,15.0
2023-05-14,Shampoo,13.0
2023-05-15,Shampoo,14.0
2023-05-16,Shampoo,20.0
2023-05-17,Shampoo,28.0
2023-05-18,Shampoo,31.0
2023-05-19,Shampoo,30.0
2023-05-20,Shampoo,43.0
2023-05-21,Shampoo,25.0
2023-05-22,Shampoo,32.0
2023-05-23,Shampoo,44.0
2023-05-24,Shampoo,35.0
2023-05-25,Shampoo,13.0
2023-05-26,Shampoo,25.0
2023-05-27,Shampoo,26.0
2023-05-28,Shampoo,29.0
2023-05-29,Shampoo,39.0
2023-05-30,Shampoo,18.0
2023-05-31,Shampoo,17.0
2023-06-01,Shampoo,45.0
2023-06-02,Shampoo,48.0
2023-06-03,Shampoo,22.0
2023-06-04,Shampoo,27.0
2023-06-05,Shampoo,25.0
2023-06-06,Shampoo,8.0
2023-06-07,Shampoo,15.0
2023-06-08,Shampoo,22.0
2023-06-09,Shampoo,28.0
2023-06-10,Shampoo,53.0
2023-06-11,Shampoo,28.0
2023-06-12,Shampoo,16.0
2023-06-13,Shampoo,22.0
2023-06-14,Shampoo,35.0
2023-06-15,Shampoo,34.0
2023-06-16,Shampoo,20.0
2023-06-17,Shampoo,29.0
2023-06-18,Shampoo,24.0
2023-06-19,Shampoo,9.0
2023-06-20,Shampoo,10.0
2023-06-21,Shampoo,13.0
2023-06-22,Shampoo,31.0
2023-06-23,Shampoo,20.0
2023-06-24,Shampoo,30.0
2023-06-25,Shampoo,24.0
2023-06-26,Shampoo,41.0
2023-06-27,Shampoo,11.0
2023-06-28,Shampoo,39.0
2023-06-29,Shampoo,9.0
2023-06-30,Shampoo,19.0
2023-07-01,Shampoo,10.0
2023-07-02,Shampoo,26.0
2023-07-03,Shampoo,22.0
2023-07-04,Shampoo,40.0
2023-07-05,Shampoo,24.0
2023-07-06,Shampoo,34.0
2023-07-07,Shampoo,51.0
2023-07-08,Shampoo,43.0
2023-07-09,Shampoo,25.0
2023-07-10,Shampoo,29.0
2023-07-11,Shampoo,37.0
2023-07-12,Shampoo,22.0
2023-07-13,Shampoo,23.0
2023-07-14,Shampoo,29.0
2023-07-15,Shampoo,17.0
2023-07-16,Shampoo,35.0
2023-07-17,Shampoo,28.0
2023-07-18,Shampoo,26.0
2023-07-19,Shampoo,25.0
2023-07-20,Shampoo,19.0
2023-07-21,Shampoo,17.0
2023-07-22,Shampoo,25.0
2023-07-23,Shampoo,6.0
2023-07-24,Shampoo,9.0
2023-07-25,Shampoo,38.0
2023-07-26,Shampoo,17.0
2023-07-27,Shampoo,11.0
2023-07-28,Shampoo,21.0
2023-07-29,Shampoo,22.0
2023-07-30,Shampoo,24.0
2023-07-31,Shampoo,22.0
2023-08-01,Shampoo,12.0
2023-08-02,Shampoo,23.0
2023-08-03,Shampoo,42.0
2023-08-04,Shampoo,42.0
2023-08-05,Shampoo,17.0
2023-08-06,Shampoo,11.0
2023-08-07,Shampoo,3.0
2023-08-08,Shampoo,28.0
2023-08-09,Shampoo,6.0
2023-08-10,Shampoo,17.0
2023-08-11,Shampoo,25.0
2023-08-12,Shampoo,15.0
2023-08-13,Shampoo,37.0
2023-08-14,Shampoo,9.0
2023-08-15,Shampoo,14.0
2023-08-16,Shampoo,7.0
2023-08-17,Shampoo,18.0
2023-08-18,Shampoo,48.0
2023-08-19,Shampoo,12.0
2023-08-20,Shampoo,29.0
2023-08-21,Shampoo,57.0
2023-08-22,Shampoo,13.0
2023-08-23,Shampoo,9.0
2023-08-24,Shampoo,45.0
2023-08-25,Shampoo,13.0
2023-08-26,Shampoo,44.0
2023-08-27,Shampoo,27.0
2023-08-28,Shampoo,36.0
2023-08-29,Shampoo,5.0
2023-08-30,Shampoo,26.0
2023-08-31,Shampoo,27.0
2023-09-01,Shampoo,10.0
2023-09-02,Shampoo,33.0
2023-09-03,Shampoo,37.0
2023-09-04,Shampoo,14.0
2023-09-05,Shampoo,18.0
2023-09-06,Shampoo,7.0
2023-09-07,Shampoo,52.0
2023-09-08,Shampoo,21.0
2023-09-09,Shampoo,8.0
2023-09-10,Shampoo,23.0
2023-09-11,Shampoo,33.0
2023-09-12,Shampoo,13.0
2023-09-13,Shampoo,8.0
2023-09-14,Shampoo,17.0
2023-09-15,Shampoo,37.0
2023-09-16,Shampoo,24.0
2023-09-17,Shampoo,35.0
2023-09-18,Shampoo,18.0
2023-09-19,Shampoo,18.0
2023-09-20,Shampoo,25.0
2023-09-21,Shampoo,14.0
2023-09-22,Shampoo,15.0
2023-09-23,Shampoo,19.0
2023-09-24,Shampoo,8.0
2023-09-25,Shampoo,25.0
2023-09-26,Shampoo,21.0
2023-09-27,Shampoo,35.0
2023-09-28,Shampoo,25.0
2023-09-29,Shampoo,27.0
2023-09-30,Shampoo,51.0
2023-10-01,Shampoo,40.0
2023-10-02,Shampoo,11.0
2023-10-03,Shampoo,9.0
2023-10-04,Shampoo,30.0
2023-10-05,Shampoo,19.0
2023-10-06,Shampoo,21.0
2023-10-07,Shampoo,19.0
2023-10-08,Shampoo,28.0
2023-10-09,Shampoo,16.0
2023-10-10,Shampoo,31.0
2023-10-11,Shampoo,13.0
2023-10-12,Shampoo,38.0
2023-10-13,Shampoo,16.0
2023-10-14,Shampoo,21.0
2023-10-15,Shampoo,37.0
2023-10-16,Shampoo,23.0
2023-10-17,Shampoo,17.0
2023-10-18,Shampoo,44.0
2023-10-19,Shampoo,23.0
2023-10-20,Shampoo,23.0
2023-10-21,Shampoo,12.0
2023-10-22,Shampoo,30.0
2023-10-23,Shampoo,29.0
2023-10-24,Shampoo,38.0
2023-10-25,Shampoo,22.0
2023-10-26,Shampoo,39.0
2023-10-27,Shampoo,10.0
2023-10-28,Shampoo,14.0
2023-10-29,Shampoo,17.0
2023-10-30,Shampoo,23.0
2023-10-31,Shampoo,40.0
2023-11-01,Shampoo,16.0
2023-11-02,Shampoo,27.0
2023-11-03,Shampoo,28.0
2023-11-04,Shampoo,11.0
2023-11-05,Shampoo,32.0
2023-11-06,Shampoo,15.0
2023-11-07,Shampoo,12.0
2023-11-08,Shampoo,34.0
2023-11-09,Shampoo,45.0
2023-11-10,Shampoo,49.0
2023-11-11,Shampoo,20.0
2023-11-12,Shampoo,44.0
2023-11-13,Shampoo,36.0
2023-11-14,Shampoo,12.0
2023-11-15,Shampoo,27.0
2023-11-16,Shampoo,12.0
2023-11-17,Shampoo,28.0
2023-11-18,Shampoo,23.0
2023-11-19,Shampoo,12.0
2023-11-20,Shampoo,17.0
2023-11-21,Shampoo,23.0
2023-11-22,Shampoo,38.0
2023-11-23,Shampoo,39.0
2023-11-24,Shampoo,49.0
2023-11-25,Shampoo,32.0
2023-11-26,Shampoo,18.0
2023-11-27,Shampoo,16.0
2023-11-28,Shampoo,38.0
2023-11-29,Shampoo,35.0
2023-11-30,Shampoo,19.0
2023-12-01,Shampoo,36.0
2023-12-02,Shampoo,19.0
2023-12-03,Shampoo,8.0
2023-12-04,Shampoo,45.0
2023-12-05,Shampoo,5.0
2023-12-06,Shampoo,22.0
2023-12-07,Shampoo,16.0
2023-12-08,Shampoo,16.0
2023-12-09,Shampoo,25.0
2023-12-10,Shampoo,29.0
2023-12-11,Shampoo,37.0
2023-12-12,Shampoo,17.0
2023-12-13,Shampoo,13.0
2023-12-14,Shampoo,27.0
2023-12-15,Shampoo,38.0
2023-12-16,Shampoo,9.0
2023-12-17,Shampoo,36.0
2023-12-18,Shampoo,20.0
2023-12-19,Shampoo,32.0
2023-12-20,Shampoo,41.0
2023-12-21,Shampoo,30.0
2023-12-22,Shampoo,36.0
2023-12-23,Shampoo,21.0
2023-12-24,Shampoo,17.0
2023-12-25,Shampoo,3.0
2023-12-26,Shampoo,29.0
2023-12-27,Shampoo,21.0
2023-12-28,Shampoo,8.0
2023-12-29,Shampoo,16.0
2023-12-30,Shampoo,21.0
2023-12-31,Shampoo,41.0
2024-01-01,Shampoo,7.0
2024-01-02,Shampoo,13.0
2024-01-03,Shampoo,33.0
2024-01-04,Shampoo,37.0
2024-01-05,Shampoo,12.0
2024-01-06,Shampoo,33.0
2024-01-07,Shampoo,25.0
2024-01-08,Shampoo,11.0
2024-01-09,Shampoo,8.0
2024-01-10,Shampoo,13.0
2024-01-11,Shampoo,29.0
2024-01-12,Shampoo,24.0
2024-01-13,Shampoo,12.0
2024-01-14,Shampoo,47.0
2024-01-15,Shampoo,28.0
2024-01-16,Shampoo,29.0
2024-01-17,Shampoo,25.0
2024-01-18,Shampoo,21.0
2024-01-19,Shampoo,33.0
2024-01-20,Shampoo,27.0
2024-01-21,Shampoo,39.0
2024-01-22,Shampoo,13.0
2024-01-23,Shampoo,42.0
2024-01-24,Shampoo,18.0
2024-01-25,Shampoo,37.0
2024-01-26,Shampoo,19.0
2024-01-27,Shampoo,26.0
2024-01-28,Shampoo,26.0
2024-01-29,Shampoo,12.0
2024-01-30,Shampoo,9.0
2024-01-31,Shampoo,24.0
2024-02-01,Shampoo,16.0
2024-02-02,Shampoo,43.0
2024-02-03,Shampoo,19.0
2024-02-04,Shampoo,40.0
2024-02-05,Shampoo,26.0
2024-02-06,Shampoo,22.0
2024-02-07,Shampoo,25.0
2024-02-08,Shampoo,31.0
2024-02-09,Shampoo,34.0
2024-02-10,Shampoo,20.0
2024-02-11,Shampoo,27.0
2024-02-12,Shampoo,29.0
2024-02-13,Shampoo,16.0
2024-02-14,Shampoo,37.0
2024-02-15,Shampoo,27.0
2024-02-16,Shampoo,18.0
2024-02-17,Shampoo,19.0
2024-02-18,Shampoo,29.0
2024-02-19,Shampoo,24.0
2024-02-20,Shampoo,29.0
2024-02-21,Shampoo,28.0
2024-02-22,Shampoo,24.0
2024-02-23,Shampoo,49.0
2024-02-24,Shampoo,12.0
2024-02-25,Shampoo,26.0
2024-02-26,Shampoo,15.0
2024-02-27,Shampoo,25.0
2024-02-28,Shampoo,25.0
2024-02-29,Shampoo,29.0
2024-03-01,Shampoo,15.0
2024-03-02,Shampoo,46.0
2024-03-03,Shampoo,40.0
2024-03-04,Shampoo,24.0
2024-03-05,Shampoo,8.0
2024-03-06,Shampoo,31.0
2024-03-07,Shampoo,40.0
2024-03-08,Shampoo,21.0
2024-03-09,Shampoo,23.0
2024-03-10,Shampoo,17.0
2024-03-11,Shampoo,19.0
2024-03-12,Shampoo,41.0
2024-03-13,Shampoo,24.0
2024-03-14,Shampoo,13.0
2024-03-15,Shampoo,27.0
2024-03-16,Shampoo,26.0
2024-03-17,Shampoo,52.0
2024-03-18,Shampoo,24.0
2024-03-19,Shampoo,36.0
2024-03-20,Shampoo,42.0
2024-03-21,Shampoo,29.0
2024-03-22,Shampoo,29.0
2024-03-23,Shampoo,11.0
2024-03-24,Shampoo,11.0
2024-03-25,Shampoo,25.0
2024-03-26,Shampoo,20.0
2024-03-27,Shampoo,31.0
2024-03-28,Shampoo,17.0
2024-03-29,Shampoo,6.0
2024-03-30,Shampoo,27.0
2024-03-31,Shampoo,45.0
2024-04-01,Shampoo,11.0
2024-04-02,Shampoo,30.0
2024-04-03,Shampoo,46.0
2024-04-04,Shampoo,15.0
2024-04-05,Shampoo,27.0
2024-04-06,Shampoo,15.0
2024-04-07,Shampoo,36.0
2024-04-08,Shampoo,23.0
2024-04-09,Shampoo,42.0
2024-04-10,Shampoo,41.0
2024-04-11,Shampoo,23.0
2024-04-12,Shampoo,26.0
2024-04-13,Shampoo,26.0
2024-04-14,Shampoo,16.0
2024-04-15,Shampoo,19.0
2024-04-16,Shampoo,11.0
2024-04-17,Shampoo,9.0
2024-04-18,Shampoo,20.0
2024-04-19,Shampoo,13.0
2024-04-20,Shampoo,20.0
2024-04-21,Shampoo,15.0
2024-04-22,Shampoo,46.0
2024-04-23,Shampoo,30.0
2024-04-24,Shampoo,15.0
2024-04-25,Shampoo,30.0
2024-04-26,Shampoo,19.0
2024-04-27,Shampoo,20.0
2024-04-28,Shampoo,37.0
2024-04-29,Shampoo,13.0
2024-04-30,Shampoo,37.0
2024-05-01,Shampoo,33.0
2024-05-02,Shampoo,20.0
2024-05-03,Shampoo,14.0
2024-05-04,Shampoo,27.0
2024-05-05,Shampoo,40.0
2024-05-06,Shampoo,31.0
2024-05-07,Shampoo,39.0
2024-05-08,Shampoo,30.0
2024-05-09,Shampoo,55.0
2024-05-10,Shampoo,35.0
2024-05-11,Shampoo,25.0
2024-05-12,Shampoo,39.0
2024-05-13,Shampoo,39.0
2024-05-14,Shampoo,25.0
2024-05-15,Shampoo,31.0
2024-05-16,Shampoo,23.0
2024-05-17,Shampoo,36.0
2024-05-18,Shampoo,10.0
2024-05-19,Shampoo,29.0
2024-05-20,Shampoo,19.0
2024-05-21,Shampoo,24.0
2024-05-22,Shampoo,25.0
2024-05-23,Shampoo,24.0
2024-05-24,Shampoo,33.0
2024-05-25,Shampoo,24.0
2024-05-26,Shampoo,20.0
2024-05-27,Shampoo,18.0
2024-05-28,Shampoo,35.0
2024-05-29,Shampoo,33.0
2024-05-30,Shampoo,45.0
2024-05-31,Shampoo,43.0
2024-06-01,Shampoo,27.0
2024-06-02,Shampoo,35.0
2024-06-03,Shampoo,42.0
2024-06-04,Shampoo,26.0
2024-06-05,Shampoo,18.0
2024-06-06,Shampoo,24.0
2024-06-07,Shampoo,13.0
2024-06-08,Shampoo,15.0
2024-06-09,Shampoo,13.0
2024-06-10,Shampoo,20.0
2024-06-11,Shampoo,51.0
2024-06-12,Shampoo,27.0
2024-06-13,Shampoo,21.0
2024-06-14,Shampoo,19.0
2024-06-15,Shampoo,27.0
2024-06-16,Shampoo,30.0
2024-06-17,Shampoo,18.0
2024-06-18,Shampoo,25.0
2024-06-19,Shampoo,13.0
2024-06-20,Shampoo,26.0
2024-06-21,Shampoo,13.0
2024-06-22,Shampoo,15.0
2024-06-23,Shampoo,31.0
2024-06-24,Shampoo,33.0
2024-06-25,Shampoo,28.0
2024-06-26,Shampoo,28.0
2024-06-27,Shampoo,1.0
2024-06-28,Shampoo,38.0
2024-06-29,Shampoo,21.0
2024-06-30,Shampoo,42.0
2024-07-01,Shampoo,29.0
2024-07-02,Shampoo,25.0
2024-07-03,Shampoo,25.0
2024-07-04,Shampoo,22.0
2024-07-05,Shampoo,16.0
2024-07-06,Shampoo,14.0
2024-07-07,Shampoo,10.0
2024-07-08,Shampoo,19.0
2024-07-09,Shampoo,25.0
2024-07-10,Shampoo,28.0
2024-07-11,Shampoo,18.0
2024-07-12,Shampoo,6.0
2024-07-13,Shampoo,9.0
2024-07-14,Shampoo,11.0
2024-07-15,Shampoo,32.0
2024-07-16,Shampoo,35.0
2024-07-17,Shampoo,32.0
2024-07-18,Shampoo,30.0
2024-07-19,Shampoo,26.0
2024-07-20,Shampoo,46.0
2024-07-21,Shampoo,31.0
2024-07-22,Shampoo,9.0
2024-07-23,Shampoo,10.0
2024-07-24,Shampoo,8.0
2024-07-25,Shampoo,29.0
2024-07-26,Shampoo,13.0
2024-07-27,Shampoo,15.0
2024-07-28,Shampoo,24.0
2024-07-29,Shampoo,37.0
2024-07-30,Shampoo,16.0
2024-07-31,Shampoo,18.0
2024-08-01,Shampoo,16.0
2024-08-02,Shampoo,25.0
2024-08-03,Shampoo,23.0
2024-08-04,Shampoo,20.0
2024-08-05,Shampoo,17.0
2024-08-06,Shampoo,0.0
2024-08-07,Shampoo,14.0
2024-08-08,Shampoo,21.0
2024-08-09,Shampoo,22.0
2024-08-10,Shampoo,30.0
2024-08-11,Shampoo,35.0
2024-08-12,Shampoo,5.0
2024-08-13,Shampoo,20.0
2024-08-14,Shampoo,24.0
2024-08-15,Shampoo,23.0
2024-08-16,Shampoo,15.0
2024-08-17,Shampoo,28.0
2024-08-18,Shampoo,23.0
2024-08-19,Shampoo,51.0
2024-08-20,Shampoo,23.0
2024-08-21,Shampoo,12.0
2024-08-22,Shampoo,32.0
2024-08-23,Shampoo,25.0
2024-08-24,Shampoo,44.0
2024-08-25,Shampoo,34.0
2024-08-26,Shampoo,8.0
2024-08-27,Shampoo,33.0
2024-08-28,Shampoo,27.0
2024-08-29,Shampoo,8.0
2024-08-30,Shampoo,37.0
2024-08-31,Shampoo,63.0
2024-09-01,Shampoo,8.0
2024-09-02,Shampoo,30.0
2024-09-03,Shampoo,34.0
2024-09-04,Shampoo,12.0
2024-09-05,Shampoo,60.0
2024-09-06,Shampoo,24.0
2024-09-07,Shampoo,35.0
2024-09-08,Shampoo,15.0
2024-09-09,Shampoo,37.0
2024-09-10,Shampoo,29.0
2024-09-11,Shampoo,35.0
2024-09-12,Shampoo,29.0
2024-09-13,Shampoo,10.0
2024-09-14,Shampoo,26.0
2024-09-15,Shampoo,45.0
2024-09-16,Shampoo,26.0
2023-01-01,Soap,25.0
2023-01-02,Soap,49.0
2023-01-03,Soap,10.0
2023-01-04,Soap,31.0
2023-01-05,Soap,33.0
2023-01-06,Soap,40.0
2023-01-07,Soap,19.0
2023-01-08,Soap,19.0
2023-01-09,Soap,36.0
2023-01-10,Soap,24.0
2023-01-11,Soap,19.0
2023-01-12,Soap,25.0
2023-01-13,Soap,7.0
2023-01-14,Soap,30.0
2023-01-15,Soap,62.0
2023-01-16,Soap,25.0
2023-01-17,Soap,30.0
2023-01-18,Soap,48.0
2023-01-19,Soap,28.0
2023-01-20,Soap,29.0
2023-01-21,Soap,26.0
2023-01-22,Soap,26.0
2023-01-23,Soap,26.0
2023-01-24,Soap,39.0
2023-01-25,Soap,17.0
2023-01-26,Soap,4.0
2023-01-27,Soap,64.0
2023-01-28,Soap,33.0
2023-01-29,Soap,14.0
2023-01-30,Soap,27.0
2023-01-31,Soap,32.0
2023-02-01,Soap,13.0
2023-02-02,Soap,49.0
2023-02-03,Soap,17.0
2023-02-04,Soap,15.0
2023-02-05,Soap,12.0
2023-02-06,Soap,12.0
2023-02-07,Soap,34.0
2023-02-08,Soap,21.0
2023-02-09,Soap,26.0
2023-02-10,Soap,38.0
2023-02-11,Soap,18.0
2023-02-12,Soap,26.0
2023-02-13,Soap,5.0
2023-02-14,Soap,8.0
2023-02-15,Soap,33.0
2023-02-16,Soap,59.0
2023-02-17,Soap,21.0
2023-02-18,Soap,13.0
2023-02-19,Soap,4.0
2023-02-20,Soap,13.0
2023-02-21,Soap,26.0
2023-02-22,Soap,19.0
2023-02-23,Soap,27.0
2023-02-24,Soap,25.0
2023-02-25,Soap,18.0
2023-02-26,Soap,13.0
2023-02-27,Soap,14.0
2023-02-28,Soap,13.0
2023-03-01,Soap,24.0
2023-03-02,Soap,33.0
2023-03-03,Soap,36.0
2023-03-04,Soap,17.0
2023-03-05,Soap,15.0
2023-03-06,Soap,34.0
2023-03-07,Soap,30.0
2023-03-08,Soap,22.0
2023-03-09,Soap,8.0
2023-03-10,Soap,38.0
2023-03-11,Soap,12.0
2023-03-12,Soap,23.0
2023-03-13,Soap,25.0
2023-03-14,Soap,43.0
2023-03-15,Soap,12.0
2023-03-16,Soap,14.0
2023-03-17,Soap,21.0
2023-03-18,Soap,26.0
2023-03-19,Soap,27.0
2023-03-20,Soap,10.0
2023-03-21,Soap,23.0
2023-03-22,Soap,6.0
2023-03-23,Soap,7.0
2023-03-24,Soap,10.0
2023-03-25,Soap,11.0
2023-03-26,Soap,27.0
2023-03-27,Soap,21.0
2023-03-28,Soap,32.0
2023-03-29,Soap,24.0
2023-03-30,Soap,25.0
2023-03-31,Soap,53.0
2023-04-01,Soap,16.0
2023-04-02,Soap,28.0
2023-04-03,Soap,9.0
2023-04-04,Soap,21.0
2023-04-05,Soap,31.0
2023-04-06,Soap,30.0
2023-04-07,Soap,17.0
2023-04-08,Soap,19.0
2023-04-09,Soap,49.0
2023-04-10,Soap,15.0
2023-04-11,Soap,0.0
2023-04-12,Soap,28.0
2023-04-13,Soap,32.0
2023-04-14,Soap,11.0
2023-04-15,Soap,35.0
2023-04-16,Soap,29.0
2023-04-17,Soap,41.0
2023-04-18,Soap,20.0
2023-04-19,Soap,40.0
2023-04-20,Soap,30.0
2023-04-21,Soap,45.0
2023-04-22,Soap,38.0
2023-04-23,Soap,17.0
2023-04-24,Soap,14.0
2023-04-25,Soap,16.0
2023-04-26,Soap,9.0
2023-04-27,Soap,17.0
2023-04-28,Soap,35.0
2023-04-29,Soap,50.0
2023-04-30,Soap,31.0
2023-05-01,Soap,50.0
2023-05-02,Soap,29.0
2023-05-03,Soap,31.0
2023-05-04,Soap,36.0
2023-05-05,Soap,24.0
2023-05-06,Soap,21.0
2023-05-07,Soap,39.0
2023-05-08,Soap,23.0
2023-05-09,Soap,29.0
2023-05-10,Soap,24.0
2023-05-11,Soap,24.0
2023-05-12,Soap,35.0
2023-05-13,Soap,27.0
2023-05-14,Soap,35.0
2023-05-15,Soap,22.0
2023-05-16,Soap,43.0
2023-05-17,Soap,39.0
2023-05-18,Soap,15.0
2023-05-19,Soap,22.0
2023-05-20,Soap,6.0
2023-05-21,Soap,11.0
2023-05-22,Soap,13.0
2023-05-23,Soap,9.0
2023-05-24,Soap,17.0
2023-05-25,Soap,13.0
2023-05-26,Soap,24.0
2023-05-27,Soap,0.0
2023-05-28,Soap,25.0
2023-05-29,Soap,15.0
2023-05-30,Soap,6.0
2023-05-31,Soap,22.0
2023-06-01,Soap,25.0
2023-06-02,Soap,41.0
2023-06-03,Soap,4.0
2023-06-04,Soap,31.0
2023-06-05,Soap,17.0
2023-06-06,Soap,6.0
2023-06-07,Soap,22.0
2023-06-08,Soap,40.0
2023-06-09,Soap,15.0
2023-06-10,Soap,6.0
2023-06-11,Soap,21.0
2023-06-12,Soap,29.0
2023-06-13,Soap,12.0
2023-06-14,Soap,30.0
2023-06-15,Soap,1.0
2023-06-16,Soap,27.0
2023-06-17,Soap,36.0
2023-06-18,Soap,9.0
2023-06-19,Soap,33.0
2023-06-20,Soap,20.0
2023-06-21,Soap,22.0
2023-06-22,Soap,19.0
2023-06-23,Soap,15.0
2023-06-24,Soap,42.0
2023-06-25,Soap,35.0
2023-06-26,Soap,14.0
2023-06-27,Soap,13.0
2023-06-28,Soap,24.0
2023-06-29,Soap,32.0
2023-06-30,Soap,30.0
2023-07-01,Soap,6.0
2023-07-02,Soap,25.0
2023-07-03,Soap,27.0
2023-07-04,Soap,12.0
2023-07-05,Soap,21.0
2023-07-06,Soap,39.0
2023-07-07,Soap,48.0
2023-07-08,Soap,15.0
2023-07-09,Soap,2.0
2023-07-10,Soap,30.0
2023-07-11,Soap,25.0
2023-07-12,Soap,30.0
2023-07-13,Soap,22.0
2023-07-14,Soap,20.0
2023-07-15,Soap,20.0
2023-07-16,Soap,34.0
2023-07-17,Soap,23.0
2023-07-18,Soap,15.0
2023-07-19,Soap,15.0
2023-07-20,Soap,41.0
2023-07-21,Soap,0.0
2023-07-22,Soap,17.0
2023-07-23,Soap,41.0
2023-07-24,Soap,21.0
2023-07-25,Soap,29.0
2023-07-26,Soap,30.0
2023-07-27,Soap,30.0
2023-07-28,Soap,25.0
2023-07-29,Soap,33.0
2023-07-30,Soap,32.0
2023-07-31,Soap,38.0
2023-08-01,Soap,18.0
2023-08-02,Soap,34.0
2023-08-03,Soap,22.0
2023-08-04,Soap,18.0
2023-08-05,Soap,2.0
2023-08-06,Soap,23.0
2023-08-07,Soap,23.0
2023-08-08,Soap,20.0
2023-08-09,Soap,28.0
2023-08-10,Soap,37.0
2023-08-11,Soap,25.0
2023-08-12,Soap,23.0
2023-08-13,Soap,16.0
2023-08-14,Soap,38.0
2023-08-15,Soap,34.0
2023-08-16,Soap,25.0
2023-08-17,Soap,21.0
2023-08-18,Soap,15.0
2023-08-19,Soap,2.0
2023-08-20,Soap,39.0
2023-08-21,Soap,33.0
2023-08-22,Soap,15.0
2023-08-23,Soap,26.0
2023-08-24,Soap,27.0
2023-08-25,Soap,10.0
2023-08-26,Soap,38.0
2023-08-27,Soap,20.0
2023-08-28,Soap,21.0
2023-08-29,Soap,24.0
2023-08-30,Soap,34.0
2023-08-31,Soap,39.0
2023-09-01,Soap,14.0
2023-09-02,Soap,38.0
2023-09-03,Soap,17.0
2023-09-04,Soap,29.0
2023-09-05,Soap,27.0
2023-09-06,Soap,48.0
2023-09-07,Soap,9.0
2023-09-08,Soap,15.0
2023-09-09,Soap,13.0
2023-09-10,Soap,18.0
2023-09-11,Soap,20.0
2023-09-12,Soap,32.0
2023-09-13,Soap,33.0
2023-09-14,Soap,15.0
2023-09-15,Soap,32.0
2023-09-16,Soap,47.0
2023-09-17,Soap,40.0
2023-09-18,Soap,35.0
2023-09-19,Soap,23.0
2023-09-20,Soap,20.0
2023-09-21,Soap,19.0
2023-09-22,Soap,6.0
2023-09-23,Soap,22.0
2023-09-24,Soap,20.0
2023-09-25,Soap,17.0
2023-09-26,Soap,38.0
2023-09-27,Soap,25.0
2023-09-28,Soap,30.0
2023-09-29,Soap,23.0
2023-09-30,Soap,11.0
2023-10-01,Soap,10.0
2023-10-02,Soap,17.0
2023-10-03,Soap,30.0
2023-10-04,Soap,6.0
2023-10-05,Soap,55.0
2023-10-06,Soap,39.0
2023-10-07,Soap,16.0
2023-10-08,Soap,32.0
2023-10-09,Soap,22.0
2023-10-10,Soap,27.0
2023-10-11,Soap,12.0
2023-10-12,Soap,17.0
2023-10-13,Soap,24.0
2023-10-14,Soap,31.0
2023-10-15,Soap,14.0
2023-10-16,Soap,22.0
2023-10-17,Soap,20.0
2023-10-18,Soap,10.0
2023-10-19,Soap,13.0
2023-10-20,Soap,16.0
2023-10-21,Soap,31.0
2023-10-22,Soap,44.0
2023-10-23,Soap,32.0
2023-10-24,Soap,22.0
2023-10-25,Soap,16.0
2023-10-26,Soap,12.0
2023-10-27,Soap,11.0
2023-10-28,Soap,21.0
2023-10-29,Soap,30.0
2023-10-30,Soap,28.0
2023-10-31,Soap,34.0
2023-11-01,Soap,44.0
2023-11-02,Soap,15.0
2023-11-03,Soap,7.0
2023-11-04,Soap,14.0
2023-11-05,Soap,20.0
2023-11-06,Soap,33.0
2023-11-07,Soap,29.0
2023-11-08,Soap,42.0
2023-11-09,Soap,30.0
2023-11-10,Soap,30.0
2023-11-11,Soap,24.0
2023-11-12,Soap,21.0
2023-11-13,Soap,24.0
2023-11-14,Soap,44.0
2023-11-15,Soap,38.0
2023-11-16,Soap,23.0
2023-11-17,Soap,21.0
2023-11-18,Soap,16.0
2023-11-19,Soap,17.0
2023-11-20,Soap,43.0
2023-11-21,Soap,22.0
2023-11-22,Soap,26.0
2023-11-23,Soap,17.0
2023-11-24,Soap,14.0
2023-11-25,Soap,16.0
2023-11-26,Soap,12.0
2023-11-27,Soap,22.0
2023-11-28,Soap,20.0
2023-11-29,Soap,28.0
2023-11-30,Soap,26.0
2023-12-01,Soap,15.0
2023-12-02,Soap,32.0
2023-12-03,Soap,28.0
2023-12-04,Soap,17.0
2023-12-05,Soap,13.0
2023-12-06,Soap,7.0
2023-12-07,Soap,26.0
2023-12-08,Soap,24.0
2023-12-09,Soap,26.0
2023-12-10,Soap,23.0
2023-12-11,Soap,28.0
2023-12-12,Soap,29.0
2023-12-13,Soap,26.0
2023-12-14,Soap,14.0
2023-12-15,Soap,28.0
2023-12-16,Soap,9.0
2023-12-17,Soap,23.0
2023-12-18,Soap,25.0
2023-12-19,Soap,9.0
2023-12-20,Soap,17.0
2023-12-21,Soap,24.0
2023-12-22,Soap,44.0
2023-12-23,Soap,19.0
2023-12-24,Soap,29.0
2023-12-25,Soap,50.0
2023-12-26,Soap,43.0
2023-12-27,Soap,52.0
2023-12-28,Soap,24.0
2023-12-29,Soap,12.0
2023-12-30,Soap,28.0
2023-12-31,Soap,9.0
2024-01-01,Soap,23.0
2024-01-02,Soap,37.0
2024-01-03,Soap,13.0
2024-01-04,Soap,8.0
2024-01-05,Soap,29.0
2024-01-06,Soap,14.0
2024-01-07,Soap,33.0
2024-01-08,Soap,23.0
2024-01-09,Soap,2.0
2024-01-10,Soap,12.0
2024-01-11,Soap,7.0
2024-01-12,Soap,27.0
2024-01-13,Soap,32.0
2024-01-14,Soap,17.0
2024-01-15,Soap,30.0
2024-01-16,Soap,17.0
2024-01-17,Soap,33.0
2024-01-18,Soap,10.0
2024-01-19,Soap,19.0
2024-01-20,Soap,22.0
2024-01-21,Soap,14.0
2024-01-22,Soap,33.0
2024-01-23,Soap,25.0
2024-01-24,Soap,13.0
2024-01-25,Soap,39.0
2024-01-26,Soap,49.0
2024-01-27,Soap,17.0
2024-01-28,Soap,28.0
2024-01-29,Soap,37.0
2024-01-30,Soap,32.0
2024-01-31,Soap,17.0
2024-02-01,Soap,24.0
2024-02-02,Soap,16.0
2024-02-03,Soap,18.0
2024-02-04,Soap,17.0
2024-02-05,Soap,18.0
2024-02-06,Soap,20.0
2024-02-07,Soap,36.0
2024-02-08,Soap,14.0
2024-02-09,Soap,8.0
2024-02-10,Soap,4.0
2024-02-11,Soap,29.0
2024-02-12,Soap,34.0
2024-02-13,Soap,41.0
2024-02-14,Soap,12.0
2024-02-15,Soap,54.0
2024-02-16,Soap,21.0
2024-02-17,Soap,39.0
2024-02-18,Soap,39.0
2024-02-19,Soap,27.0
2024-02-20,Soap,20.0
2024-02-21,Soap,40.0
2024-02-22,Soap,22.0
2024-02-23,Soap,25.0
2024-02-24,Soap,24.0
2024-02-25,Soap,23.0
2024-02-26,Soap,51.0
2024-02-27,Soap,27.0
2024-02-28,Soap,22.0
2024-02-29,Soap,23.0
2024-03-01,Soap,20.0
2024-03-02,Soap,27.0
2024-03-03,Soap,26.0
2024-03-04,Soap,29.0
2024-03-05,Soap,20.0
2024-03-06,Soap,18.0
2024-03-07,Soap,15.0
2024-03-08,Soap,25.0
2024-03-09,Soap,28.0
2024-03-10,Soap,24.0
2024-03-11,Soap,34.0
2024-03-12,Soap,24.0
2024-03-13,Soap,6.0
2024-03-14,Soap,11.0
2024-03-15,Soap,3.0
2024-03-16,Soap,7.0
2024-03-17,Soap,4.0
2024-03-18,Soap,17.0
2024-03-19,Soap,4.0
2024-03-20,Soap,29.0
2024-03-21,Soap,17.0
2024-03-22,Soap,27.0
2024-03-23,Soap,12.0
2024-03-24,Soap,23.0
2024-03-25,Soap,20.0
2024-03-26,Soap,29.0
2024-03-27,Soap,6.0
2024-03-28,Soap,8.0
2024-03-29,Soap,41.0
2024-03-30,Soap,48.0
2024-03-31,Soap,23.0
2024-04-01,Soap,26.0
2024-04-02,Soap,20.0
2024-04-03,Soap,19.0
2024-04-04,Soap,52.0
2024-04-05,Soap,28.0
2024-04-06,Soap,29.0
2024-04-07,Soap,38.0
2024-04-08,Soap,22.0
2024-04-09,Soap,26.0
2024-04-10,Soap,26.0
2024-04-11,Soap,22.0
2024-04-12,Soap,27.0
2024-04-13,Soap,24.0
2024-04-14,Soap,24.0
2024-04-15,Soap,44.0
2024-04-16,Soap,26.0
2024-04-17,Soap,15.0
2024-04-18,Soap,20.0
2024-04-19,Soap,28.0
2024-04-20,Soap,15.0
2024-04-21,Soap,38.0
2024-04-22,Soap,13.0
2024-04-23,Soap,9.0
2024-04-24,Soap,26.0
2024-04-25,Soap,21.0
2024-04-26,Soap,23.0
2024-04-27,Soap,29.0
2024-04-28,Soap,30.0
2024-04-29,Soap,27.0
2024-04-30,Soap,24.0
2024-05-01,Soap,27.0
2024-05-02,Soap,13.0
2024-05-03,Soap,38.0
2024-05-04,Soap,17.0
2024-05-05,Soap,26.0
2024-05-06,Soap,19.0
2024-05-07,Soap,43.0
2024-05-08,Soap,27.0
2024-05-09,Soap,13.0
2024-05-10,Soap,34.0
2024-05-11,Soap,3.0
2024-05-12,Soap,6.0
2024-05-13,Soap,31.0
2024-05-14,Soap,15.0
2024-05-15,Soap,17.0
2024-05-16,Soap,38.0
2024-05-17,Soap,30.0
2024-05-18,Soap,26.0
2024-05-19,Soap,18.0
2024-05-20,Soap,20.0
2024-05-21,Soap,25.0
2024-05-22,Soap,15.0
2024-05-23,Soap,36.0
2024-05-24,Soap,21.0
2024-05-25,Soap,27.0
2024-05-26,Soap,30.0
2024-05-27,Soap,28.0
2024-05-28,Soap,12.0
2024-05-29,Soap,29.0
2024-05-30,Soap,19.0
2024-05-31,Soap,31.0
2024-06-01,Soap,26.0
2024-06-02,Soap,26.0
2024-06-03,Soap,22.0
2024-06-04,Soap,22.0
2024-06-05,Soap,20.0
2024-06-06,Soap,34.0
2024-06-07,Soap,16.0
2024-06-08,Soap,30.0
2024-06-09,Soap,39.0
2024-06-10,Soap,21.0
2024-06-11,Soap,10.0
2024-06-12,Soap,7.0
2024-06-13,Soap,25.0
2024-06-14,Soap,30.0
2024-06-15,Soap,34.0
2024-06-16,Soap,21.0
2024-06-17,Soap,31.0
2024-06-18,Soap,29.0
2024-06-19,Soap,31.0
2024-06-20,Soap,16.0
2024-06-21,Soap,44.0
2024-06-22,Soap,33.0
2024-06-23,Soap,17.0
2024-06-24,Soap,22.0
2024-06-25,Soap,35.0
2024-06-26,Soap,32.0
2024-06-27,Soap,7.0
2024-06-28,Soap,14.0
2024-06-29,Soap,20.0
2024-06-30,Soap,29.0
2024-07-01,Soap,10.0
2024-07-02,Soap,10.0
2024-07-03,Soap,16.0
2024-07-04,Soap,30.0
2024-07-05,Soap,30.0
2024-07-06,Soap,14.0
2024-07-07,Soap,19.0
2024-07-08,Soap,24.0
2024-07-09,Soap,40.0
2024-07-10,Soap,15.0
2024-07-11,Soap,20.0
2024-07-12,Soap,46.0
2024-07-13,Soap,14.0
2024-07-14,Soap,39.0
2024-07-15,Soap,18.0
2024-07-16,Soap,35.0
2024-07-17,Soap,21.0
2024-07-18,Soap,19.0
2024-07-19,Soap,18.0
2024-07-20,Soap,16.0
2024-07-21,Soap,23.0
2024-07-22,Soap,31.0
2024-07-23,Soap,36.0
2024-07-24,Soap,44.0
2024-07-25,Soap,33.0
2024-07-26,Soap,20.0
2024-07-27,Soap,31.0
2024-07-28,Soap,30.0
2024-07-29,Soap,36.0
2024-07-30,Soap,33.0
2024-07-31,Soap,50.0
2024-08-01,Soap,27.0
2024-08-02,Soap,29.0
2024-08-03,Soap,30.0
2024-08-04,Soap,29.0
2024-08-05,Soap,22.0
2024-08-06,Soap,26.0
2024-08-07,Soap,19.0
2024-08-08,Soap,33.0
2024-08-09,Soap,25.0
2024-08-10,Soap,20.0
2024-08-11,Soap,24.0
2024-08-12,Soap,23.0
2024-08-13,Soap,42.0
2024-08-14,Soap,32.0
2024-08-15,Soap,15.0
2024-08-16,Soap,47.0
2024-08-17,Soap,9.0
2024-08-18,Soap,30.0
2024-08-19,Soap,14.0
2024-08-20,Soap,14.0
2024-08-21,Soap,33.0
2024-08-22,Soap,29.0
2024-08-23,Soap,25.0
2024-08-24,Soap,11.0
2024-08-25,Soap,33.0
2024-08-26,Soap,15.0
2024-08-27,Soap,33.0
2024-08-28,Soap,10.0
2024-08-29,Soap,21.0
2024-08-30,Soap,16.0
2024-08-31,Soap,26.0
2024-09-01,Soap,28.0
2024-09-02,Soap,23.0
2024-09-03,Soap,22.0
2024-09-04,Soap,28.0
2024-09-05,Soap,14.0
2024-09-06,Soap,23.0
2024-09-07,Soap,18.0
2024-09-08,Soap,36.0
2024-09-09,Soap,10.0
2024-09-10,Soap,34.0
2024-09-11,Soap,33.0
2024-09-12,Soap,15.0
2024-09-13,Soap,34.0
2024-09-14,Soap,15.0
2024-09-15,Soap,19.0
2024-09-16,Soap,12.0
