product_id,product_name,category,total_qty_sold,total_revenue,avg_inventory_level,last_inventory_level,last_sale_date,orders,days_since_last_sale,avg_daily_sales,stock_turnover_ratio,dio,sell_through_rate,movement_category,stock_status
100,Rice,Household,204,38331.49,234.1,162,2024-08-21 08:00:00,40,26,0.3264,0.8714224690303289,717.218137254902,0.5573770491803278,Moderate,Understock
101,Soap,Household,161,30535.489999999998,257.48148148148147,394,2024-09-12 21:00:00,27,4,0.2576,0.6252876869965478,999.5399125833908,0.29009009009009007,Slow Moving,Balanced
102,Biscuits,Household,156,28934.96,276.61290322580646,157,2024-09-14 00:00:00,31,2,0.2496,0.5639650145772594,1108.2247725392888,0.4984025559105431,Slow Moving,Overstock
103,Rice,Food,170,33549.13,259.06451612903226,426,2024-08-28 16:00:00,31,19,0.272,0.6562071971111941,952.443074003795,0.28523489932885904,Moderate,Balanced
104,Soap,Household,210,39405.99,244.65,353,2024-09-10 05:00:00,40,6,0.336,0.8583690987124464,728.125,0.37300177619893427,Moderate,Balanced
105,Rice,Household,162,35810.57,255.66666666666666,29,2024-09-16 23:00:00,33,0,0.2592,0.6336375488917863,986.3683127572016,0.8481675392670157,Slow Moving,Balanced
106,Shampoo,Food,131,25585.170000000002,265.52,268,2024-09-14 05:00:00,25,2,0.2096,0.49337149743898767,1266.7938931297708,0.3283208020050125,Slow Moving,Balanced
107,Oil,Household,186,37543.21,287.97058823529414,379,2024-08-31 05:00:00,34,16,0.2976,0.6458992952711673,967.6431056293487,0.3292035398230089,Moderate,Overstock
108,Soap,Household,276,56471.87,277.5098039215686,480,2024-09-08 09:00:00,51,8,0.4416,0.9945594573588639,628.418940039784,0.36507936507936506,Fast Moving,Balanced
109,Soap,Personal Care,193,34651.71,278.7027027027027,406,2024-07-22 08:00:00,37,56,0.3088,0.6924941815360744,902.534659011343,0.32220367278797996,Moderate,Overstock
110,Biscuits,Personal Care,188,35655.32,283.42857142857144,99,2024-08-19 15:00:00,35,28,0.3008,0.6633064516129031,942.2492401215807,0.6550522648083623,Moderate,Overstock
111,Rice,Household,188,37102.06,260.0882352941176,332,2024-09-07 11:00:00,34,9,0.3008,0.7228316182291078,864.6550375469336,0.36153846153846153,Moderate,Balanced
112,Soap,Personal Care,136,25961.760000000002,267.37931034482756,450,2024-09-14 13:00:00,29,2,0.2176,0.5086407015733815,1228.7652129817445,0.23208191126279865,Slow Moving,Overstock
113,Biscuits,Household,238,46539.46,234.3409090909091,121,2024-09-07 03:00:00,44,9,0.3808,1.0156143923964698,615.3910427807486,0.6629526462395543,Fast Moving,Understock
114,Biscuits,Personal Care,186,43941.77,289.10526315789474,72,2024-08-26 05:00:00,38,21,0.2976,0.6433642818132168,971.455857385399,0.7209302325581395,Moderate,Overstock
115,Rice,Household,243,49318.11,241.3673469387755,318,2024-08-05 20:00:00,49,42,0.3888,1.006764183647586,620.8007894515831,0.43315508021390375,Fast Moving,Balanced
116,Biscuits,Food,178,38454.36,226.94117647058823,66,2024-09-07 05:00:00,34,9,0.2848,0.7843442198030067,796.844018506279,0.7295081967213115,Moderate,Understock
117,Shampoo,Food,167,38269.28,257.44444444444446,64,2024-09-06 22:00:00,36,10,0.2672,0.6486836426413466,963.4896872920825,0.7229437229437229,Moderate,Balanced
118,Biscuits,Food,237,49932.87,245.19148936170214,360,2024-09-16 03:00:00,47,0,0.3792,0.9665914612981603,646.6020289074423,0.3969849246231156,Fast Moving,Balanced
119,Shampoo,Food,125,28890.56,268.32142857142856,290,2024-08-29 19:00:00,28,18,0.2,0.4658591774257953,1341.607142857143,0.30120481927710846,Slow Moving,Overstock
120,Soap,Food,187,32576.68,237.08823529411765,149,2024-09-02 17:00:00,34,14,0.2992,0.7887358888475375,792.4072035231204,0.5565476190476191,Moderate,Balanced
121,Biscuits,Personal Care,211,45406.59,249.2173913043478,354,2024-08-27 17:00:00,46,20,0.3376,0.8466503838101884,738.2031732948692,0.3734513274336283,Fast Moving,Balanced
122,Oil,Personal Care,222,44954.01,230.75,465,2024-09-11 23:00:00,40,5,0.3552,0.962080173347779,649.634009009009,0.3231441048034934,Fast Moving,Understock
123,Soap,Personal Care,186,41841.6,270.94444444444446,160,2024-08-30 03:00:00,36,17,0.2976,0.686487594832889,910.4316009557946,0.5375722543352601,Moderate,Overstock
124,Oil,Personal Care,175,40037.25,261.51428571428573,469,2024-09-04 19:00:00,35,12,0.28,0.6691795039877635,933.9795918367348,0.2717391304347826,Moderate,Balanced
125,Rice,Food,185,36789.38,226.11428571428573,14,2024-07-25 05:00:00,35,53,0.296,0.8181703310588829,763.899613899614,0.9296482412060302,Moderate,Understock
126,Soap,Household,215,36036.47,258.30232558139534,284,2024-09-05 08:00:00,43,11,0.344,0.8323579724498065,750.8788534342888,0.4308617234468938,Fast Moving,Balanced
127,Rice,Food,183,32219.52,256.1,167,2024-08-26 00:00:00,30,21,0.2928,0.7145646231940648,874.6584699453553,0.5228571428571429,Moderate,Balanced
128,Rice,Food,224,44804.45,227.63636363636363,218,2024-09-06 03:00:00,44,10,0.3584,0.9840255591054313,635.1461038961039,0.5067873303167421,Fast Moving,Understock
129,Soap,Personal Care,171,41098.16,292.0,460,2024-08-29 04:00:00,38,18,0.2736,0.5856164383561644,1067.251461988304,0.27099841521394613,Moderate,Overstock
130,Soap,Food,230,41674.0,293.6136363636364,495,2024-08-30 04:00:00,44,17,0.368,0.7833423639600589,797.8631422924901,0.31724137931034485,Fast Moving,Balanced
131,Soap,Personal Care,177,40058.1,234.7027027027027,258,2024-09-10 20:00:00,37,6,0.2832,0.7541455550437586,828.7524812948542,0.4068965517241379,Moderate,Understock
132,Oil,Personal Care,188,38617.17,257.275,13,2024-08-22 05:00:00,40,25,0.3008,0.7307355942085318,855.3025265957446,0.9353233830845771,Moderate,Balanced
133,Shampoo,Personal Care,216,37711.32,280.6842105263158,29,2024-07-26 12:00:00,38,52,0.3456,0.7695480967560473,812.1649610136452,0.8816326530612245,Fast Moving,Balanced
134,Oil,Personal Care,181,43768.01,242.325,80,2024-09-04 06:00:00,40,12,0.2896,0.7469307747859281,836.7575966850828,0.6934865900383141,Moderate,Balanced
135,Rice,Food,231,53235.58,282.11538461538464,206,2024-09-09 22:00:00,52,7,0.3696,0.8188139059304703,763.2992007992008,0.528604118993135,Fast Moving,Balanced
136,Rice,Food,258,44878.43,257.39130434782606,1,2024-05-25 17:00:00,46,114,0.4128,1.0023648648648649,623.525446579036,0.9961389961389961,Dead Stock,Balanced
137,Rice,Personal Care,167,41499.42,235.82857142857142,154,2024-08-25 03:00:00,35,22,0.2672,0.7081415071480495,882.5919589392643,0.5202492211838006,Moderate,Balanced
138,Rice,Personal Care,153,35807.59,244.28125,133,2024-08-10 13:00:00,32,37,0.2448,0.6263272355123449,997.8809232026143,0.534965034965035,Slow Moving,Balanced
139,Shampoo,Personal Care,187,36475.46,249.625,220,2024-08-24 09:00:00,40,23,0.2992,0.7491236855282924,834.3081550802139,0.4594594594594595,Moderate,Balanced
140,Rice,Personal Care,184,44480.94,273.23809523809524,80,2024-08-27 02:00:00,42,20,0.2944,0.6734053677239457,928.1185300207039,0.696969696969697,Moderate,Overstock
141,Biscuits,Household,184,39677.34,265.4848484848485,46,2024-09-15 04:00:00,33,1,0.2944,0.6930715671726971,901.7827733860344,0.8,Moderate,Balanced
142,Oil,Household,204,40327.75,267.8157894736842,161,2024-09-12 20:00:00,38,4,0.3264,0.761717598506436,820.514060887513,0.5589041095890411,Moderate,Balanced
143,Soap,Personal Care,158,45428.07,261.97222222222223,469,2024-08-29 07:00:00,36,18,0.2528,0.603117378856961,1036.2825246132209,0.25199362041467305,Slow Moving,Balanced
144,Biscuits,Food,215,38241.15,220.25,163,2024-07-12 20:00:00,40,66,0.344,0.9761634506242906,640.2616279069767,0.5687830687830688,Dead Stock,Understock
145,Soap,Household,133,34232.7,240.70967741935485,25,2024-07-16 17:00:00,31,62,0.2128,0.5525328330206378,1131.1544991511037,0.8417721518987342,Dead Stock,Balanced
146,Biscuits,Household,177,36210.11,240.02857142857144,386,2024-08-18 06:00:00,35,29,0.2832,0.7374122128318057,847.5585149313963,0.31438721136767317,Moderate,Balanced
147,Rice,Household,270,60258.51,241.75471698113208,77,2024-09-02 23:00:00,53,14,0.432,1.1168344649964879,559.6174004192873,0.7780979827089337,Fast Moving,Balanced
148,Shampoo,Personal Care,194,35978.44,238.10526315789474,138,2024-08-27 14:00:00,38,20,0.3104,0.8147656940760389,767.0916983179599,0.5843373493975904,Moderate,Balanced
149,Biscuits,Household,164,34370.99,268.2647058823529,261,2024-07-17 05:00:00,34,61,0.2624,0.6113364762635676,1022.3502510760402,0.38588235294117645,Dead Stock,Overstock
150,Biscuits,Food,167,34274.91,209.93939393939394,221,2024-09-09 08:00:00,33,7,0.2672,0.7954676674364897,785.7013246234802,0.43041237113402064,Moderate,Understock
151,Rice,Food,174,35768.31,256.88235294117646,151,2024-08-22 19:00:00,34,25,0.2784,0.6773528738264255,922.709601081812,0.5353846153846153,Moderate,Balanced
152,Soap,Food,165,33546.31,211.2058823529412,336,2024-08-29 20:00:00,34,18,0.264,0.7812282411920345,800.0222816399288,0.32934131736526945,Slow Moving,Understock
153,Soap,Personal Care,172,29846.75,291.28125,482,2024-09-13 10:00:00,32,3,0.2752,0.5904945821263813,1058.4347747093022,0.26299694189602446,Moderate,Overstock
154,Soap,Personal Care,159,36111.54,189.59375,10,2024-09-13 22:00:00,32,3,0.2544,0.8386352398219878,745.2584512578616,0.9408284023668639,Slow Moving,Understock
155,Soap,Personal Care,181,32577.87,241.42857142857142,118,2024-08-23 02:00:00,35,24,0.2896,0.7497041420118343,833.6621941594317,0.6053511705685619,Moderate,Balanced
156,Soap,Food,116,28454.22,284.03846153846155,127,2024-07-28 07:00:00,26,50,0.1856,0.4083953960731212,1530.3796419098144,0.4773662551440329,Slow Moving,Overstock
157,Biscuits,Food,272,55042.39,253.48076923076923,57,2024-08-26 16:00:00,52,21,0.4352,1.0730597071542372,582.4466204751131,0.8267477203647416,Fast Moving,Balanced
158,Shampoo,Personal Care,135,30210.19,287.9642857142857,385,2024-09-08 15:00:00,28,8,0.216,0.4688081359295547,1333.1679894179895,0.25961538461538464,Slow Moving,Overstock
159,Oil,Personal Care,127,31511.68,278.85185185185185,331,2024-08-28 17:00:00,27,19,0.2032,0.45543896931863465,1372.302420530767,0.27729257641921395,Slow Moving,Overstock
160,Soap,Food,153,34461.5,277.41379310344826,319,2024-09-01 03:00:00,29,15,0.2448,0.5515226848974518,1133.226279017354,0.3241525423728814,Slow Moving,Overstock
161,Shampoo,Household,248,41888.34,270.3478260869565,485,2024-09-11 19:00:00,46,5,0.3968,0.9173367642328724,681.3201262272089,0.3383356070941337,Fast Moving,Balanced
162,Rice,Personal Care,199,44923.99,264.4736842105263,218,2024-09-12 15:00:00,38,4,0.3184,0.7524378109452736,830.6334303094419,0.47721822541966424,Moderate,Balanced
163,Biscuits,Food,221,46836.61,227.82978723404256,448,2024-08-27 11:00:00,47,20,0.3536,0.9700224131490475,644.3150091460479,0.3303437967115097,Fast Moving,Understock
164,Biscuits,Personal Care,177,33357.97,237.53125,43,2024-08-13 01:00:00,32,34,0.2832,0.7451651098539666,838.7402895480226,0.8045454545454546,Moderate,Balanced
165,Biscuits,Food,189,34443.98,269.0810810810811,142,2024-09-14 16:00:00,37,2,0.3024,0.7023905182804339,889.8183898183898,0.5709969788519638,Moderate,Overstock
166,Rice,Personal Care,222,52213.42,229.06521739130434,162,2024-09-11 21:00:00,46,5,0.3552,0.9691563063490557,644.8908147277713,0.578125,Fast Moving,Understock
167,Oil,Personal Care,208,39412.24,222.77272727272728,312,2024-09-07 04:00:00,44,9,0.3328,0.9336870026525199,669.3892045454545,0.4,Moderate,Understock
168,Shampoo,Food,206,40504.2,261.95,376,2024-09-15 07:00:00,40,1,0.3296,0.7864096201565185,794.751213592233,0.3539518900343643,Moderate,Balanced
169,Shampoo,Personal Care,201,47393.02,271.1666666666667,116,2024-09-07 20:00:00,42,9,0.3216,0.7412415488629379,843.1799336650083,0.6340694006309149,Moderate,Overstock
170,Rice,Personal Care,169,32233.39,249.6451612903226,428,2024-08-26 14:00:00,31,21,0.2704,0.6769608476547357,923.2439396831456,0.2830820770519263,Moderate,Balanced
171,Rice,Personal Care,158,33848.11,212.91666666666666,57,2024-08-05 01:00:00,36,42,0.2528,0.7420743639921722,842.2336497890295,0.7348837209302326,Slow Moving,Balanced
172,Shampoo,Personal Care,191,41758.25,262.5945945945946,458,2024-09-04 23:00:00,37,12,0.3056,0.7273569370111157,859.2755058723645,0.2942989214175655,Moderate,Balanced
173,Soap,Household,212,47841.39,287.0681818181818,445,2024-09-11 13:00:00,44,5,0.3392,0.7385005146069195,846.3094982847342,0.3226788432267884,Fast Moving,Overstock
174,Oil,Food,184,35712.75,212.2,477,2024-08-14 10:00:00,35,33,0.2944,0.8671065032987748,720.7880434782608,0.2783661119515885,Moderate,Understock
175,Shampoo,Food,148,36204.24,248.93548387096774,18,2024-09-06 19:00:00,31,10,0.2368,0.5945315537125826,1051.2478204010463,0.891566265060241,Slow Moving,Balanced
176,Biscuits,Personal Care,144,32469.24,249.93939393939394,50,2024-09-15 10:00:00,33,1,0.2304,0.5761396702230844,1084.8063973063972,0.7422680412371134,Slow Moving,Balanced
177,Shampoo,Personal Care,189,34423.409999999996,224.75,17,2024-09-11 18:00:00,36,5,0.3024,0.8409343715239155,743.2208994708994,0.9174757281553398,Moderate,Understock
178,Soap,Personal Care,190,36653.28,274.6666666666667,34,2024-09-09 18:00:00,39,7,0.304,0.6917475728155339,903.5087719298247,0.8482142857142857,Moderate,Overstock
179,Rice,Household,210,35010.47,244.39473684210526,167,2024-08-10 11:00:00,38,37,0.336,0.8592656401421341,727.3652882205514,0.5570291777188329,Moderate,Balanced
180,Biscuits,Food,184,30599.260000000002,245.47222222222223,465,2024-08-02 16:00:00,36,45,0.2944,0.749575647844291,833.8051026570049,0.2835130970724191,Moderate,Balanced
181,Soap,Food,205,38750.73,256.2105263157895,458,2024-08-23 06:00:00,38,24,0.328,0.8001232539030403,781.1296534017971,0.3092006033182504,Moderate,Balanced
182,Oil,Household,188,43713.89,228.9,331,2024-08-18 02:00:00,40,29,0.3008,0.8213193534294452,760.9707446808511,0.3622350674373796,Moderate,Understock
183,Shampoo,Household,134,24311.39,201.58620689655172,83,2024-07-29 13:00:00,29,49,0.2144,0.664728019158399,940.2341739577971,0.6175115207373272,Slow Moving,Balanced
184,Oil,Personal Care,196,43480.06,293.07142857142856,66,2024-09-16 07:00:00,42,0,0.3136,0.6687789422373873,934.5389941690961,0.7480916030534351,Moderate,Overstock
185,Rice,Personal Care,163,33902.69,262.84375,407,2024-09-06 20:00:00,32,10,0.2608,0.620140292474141,1007.8364647239263,0.28596491228070176,Slow Moving,Balanced
186,Shampoo,Household,192,34251.57,276.8378378378378,212,2024-09-15 14:00:00,37,1,0.3072,0.693546812457288,901.1648367117116,0.4752475247524752,Moderate,Overstock
187,Soap,Food,209,40490.04,268.0,145,2024-09-13 17:00:00,37,3,0.3344,0.7798507462686567,801.4354066985646,0.5903954802259888,Moderate,Balanced
188,Biscuits,Personal Care,207,46537.7,254.0,73,2024-09-05 13:00:00,46,11,0.3312,0.8149606299212598,766.9082125603865,0.7392857142857143,Moderate,Balanced
189,Rice,Household,188,46016.75,239.3658536585366,434,2024-09-13 01:00:00,41,3,0.3008,0.7854085999592418,795.7641411520499,0.3022508038585209,Moderate,Balanced
190,Biscuits,Food,232,45520.99,235.06521739130434,42,2024-08-29 13:00:00,46,18,0.3712,0.9869601405715343,633.2575899550225,0.8467153284671532,Fast Moving,Understock
191,Shampoo,Personal Care,172,40634.7,267.1190476190476,150,2024-08-21 18:00:00,42,26,0.2752,0.6439076566538908,970.6360741971206,0.5341614906832298,Moderate,Overstock
192,Rice,Personal Care,131,25592.64,276.57142857142856,81,2024-09-09 15:00:00,28,7,0.2096,0.47365702479338845,1319.5201744820065,0.6179245283018868,Slow Moving,Overstock
193,Soap,Household,191,39187.04,265.5,328,2024-09-13 21:00:00,40,3,0.3056,0.71939736346516,868.7827225130891,0.36801541425818884,Moderate,Balanced
194,Rice,Household,176,35484.48,283.27027027027026,239,2024-08-02 14:00:00,37,45,0.2816,0.6213147600419807,1005.9313574938575,0.42409638554216866,Moderate,Overstock
195,Soap,Food,199,43871.74,263.219512195122,151,2024-09-13 00:00:00,41,3,0.3184,0.7560229799851741,826.6944478490012,0.5685714285714286,Moderate,Balanced
196,Soap,Household,212,38472.96,275.44736842105266,240,2024-09-16 16:00:00,38,0,0.3392,0.7696570172924428,812.0500248262166,0.4690265486725664,Fast Moving,Balanced
197,Shampoo,Household,188,40866.0,254.375,142,2024-09-05 06:00:00,40,11,0.3008,0.7390663390663391,845.6615691489361,0.5696969696969697,Moderate,Balanced
198,Oil,Personal Care,223,46933.17,260.3658536585366,414,2024-09-05 22:00:00,41,11,0.3568,0.8564871194379391,729.7249261730285,0.3500784929356358,Fast Moving,Balanced
199,Rice,Household,203,34818.92,315.56410256410254,354,2024-08-24 22:00:00,39,23,0.3248,0.64329243519948,971.5643551850449,0.3644524236983842,Moderate,Overstock
200,Biscuits,Personal Care,208,31728.010000000002,228.02857142857144,1,2024-09-14 19:00:00,35,2,0.3328,0.9121663951885728,685.1820054945056,0.9952153110047847,Moderate,Understock
201,Biscuits,Food,137,26793.12,299.8,223,2024-09-01 07:00:00,25,15,0.2192,0.45697131420947296,1367.7007299270074,0.38055555555555554,Slow Moving,Overstock
202,Soap,Household,193,43210.21,263.4146341463415,209,2024-09-16 06:00:00,41,0,0.3088,0.7326851851851851,853.0266649816758,0.48009950248756217,Moderate,Balanced
203,Oil,Personal Care,159,30508.41,240.06666666666666,114,2024-09-10 02:00:00,30,6,0.2544,0.6623160233268537,943.6582809224318,0.5824175824175825,Slow Moving,Balanced
204,Shampoo,Personal Care,164,43410.56,257.43589743589746,60,2024-09-04 00:00:00,39,12,0.2624,0.6370517928286852,981.0819262038775,0.7321428571428571,Slow Moving,Balanced
205,Shampoo,Food,237,44992.58,239.31372549019608,238,2024-08-29 21:00:00,51,18,0.3792,0.9903318312167144,631.1015967568462,0.49894736842105264,Fast Moving,Balanced
206,Oil,Household,190,36611.71,258.8333333333333,377,2024-09-08 00:00:00,36,8,0.304,0.7340631036703156,851.4254385964912,0.3350970017636684,Moderate,Balanced
207,Biscuits,Household,175,36667.6,233.37142857142857,147,2024-09-14 17:00:00,35,2,0.28,0.7498775710088149,833.469387755102,0.5434782608695652,Moderate,Understock
208,Biscuits,Food,181,35833.19,298.43243243243245,317,2024-09-04 10:00:00,37,12,0.2896,0.6065024452092012,1030.498730774974,0.3634538152610442,Moderate,Overstock
209,Rice,Household,211,41357.72,249.78947368421052,218,2024-09-11 11:00:00,38,5,0.3376,0.8447113358617784,739.8977301072587,0.49184149184149184,Fast Moving,Balanced
210,Biscuits,Household,174,40502.26,262.35,239,2024-08-25 16:00:00,40,22,0.2784,0.663236134934248,942.3491379310346,0.4213075060532688,Moderate,Balanced
211,Oil,Food,170,30241.33,287.1212121212121,390,2024-09-08 03:00:00,33,8,0.272,0.5920844327176781,1055.5926916221035,0.30357142857142855,Moderate,Overstock
212,Biscuits,Personal Care,194,45659.95,307.9024390243902,466,2024-08-23 01:00:00,41,24,0.3104,0.6300697084917618,991.9537339703293,0.29393939393939394,Moderate,Overstock
213,Shampoo,Household,184,35758.57,243.21621621621622,269,2024-09-14 18:00:00,37,2,0.2944,0.7565285031670186,826.1420387779083,0.40618101545253865,Moderate,Balanced
214,Oil,Personal Care,187,34067.37,277.1081081081081,407,2024-08-24 14:00:00,37,23,0.2992,0.6748268799375792,926.1634629281689,0.3148148148148148,Moderate,Overstock
215,Shampoo,Personal Care,263,54147.41,308.2,499,2024-09-15 17:00:00,50,1,0.4208,0.8533419857235561,732.4144486692015,0.3451443569553806,Fast Moving,Balanced
216,Biscuits,Household,297,62533.01,252.25806451612902,13,2024-09-07 00:00:00,62,9,0.4752,1.1773657289002557,530.8460953622244,0.9580645161290322,Fast Moving,Balanced
217,Shampoo,Household,202,42097.85,239.93023255813952,285,2024-08-27 12:00:00,43,20,0.3232,0.841911408355142,742.3583928160258,0.41478439425051333,Moderate,Balanced
218,Biscuits,Personal Care,185,42774.81,252.14634146341464,257,2024-09-01 04:00:00,41,15,0.296,0.7337009092667827,851.8457481872117,0.41855203619909503,Moderate,Balanced
219,Shampoo,Food,141,33044.18,274.39285714285717,224,2024-09-15 13:00:00,28,1,0.2256,0.5138617727450214,1216.2803951367782,0.3863013698630137,Slow Moving,Overstock
220,Shampoo,Food,219,40109.35,264.44736842105266,119,2024-08-03 06:00:00,38,44,0.3504,0.8281421036919095,754.7013938956983,0.6479289940828402,Fast Moving,Balanced
221,Shampoo,Personal Care,133,23515.99,242.45833333333334,10,2024-08-16 09:00:00,24,31,0.2128,0.5485478604571232,1139.3718671679198,0.9300699300699301,Slow Moving,Balanced
222,Shampoo,Food,172,39438.97,238.94594594594594,103,2024-08-22 10:00:00,37,25,0.2752,0.7198280737473137,868.2628849780011,0.6254545454545455,Moderate,Balanced
223,Soap,Food,179,30460.89,200.54545454545453,26,2024-06-20 10:00:00,33,88,0.2864,0.8925657298277426,700.2285424073133,0.8731707317073171,Dead Stock,Understock
224,Shampoo,Personal Care,229,43950.81,240.93333333333334,469,2024-08-30 09:00:00,45,17,0.3664,0.9504703929164361,657.5691411935953,0.32808022922636104,Fast Moving,Balanced
225,Shampoo,Personal Care,220,49443.96,215.95652173913044,276,2024-09-15 12:00:00,46,1,0.352,1.018723575598953,613.5128458498025,0.4435483870967742,Fast Moving,Understock
226,Rice,Household,216,46727.02,226.2325581395349,393,2024-09-09 03:00:00,43,7,0.3456,0.9547697368421052,654.6080964685616,0.35467980295566504,Fast Moving,Understock
227,Rice,Household,157,32654.73,198.06451612903226,240,2024-07-23 00:00:00,31,55,0.2512,0.792671009771987,788.4733922334086,0.3954659949622166,Slow Moving,Understock
228,Oil,Personal Care,194,35754.21,294.94117647058823,436,2024-09-13 14:00:00,34,3,0.3104,0.6577582768248903,950.1970891449363,0.30793650793650795,Moderate,Overstock
229,Shampoo,Personal Care,207,42666.8,267.55,265,2024-08-27 04:00:00,40,20,0.3312,0.7736871612782658,807.8200483091788,0.4385593220338983,Moderate,Balanced
230,Biscuits,Household,215,44937.62,227.97619047619048,32,2024-09-09 07:00:00,42,7,0.344,0.9430809399477806,662.7214839424142,0.8704453441295547,Fast Moving,Understock
231,Biscuits,Food,219,50804.25,233.21428571428572,292,2024-09-12 13:00:00,42,4,0.3504,0.9390505359877488,665.5658838878018,0.42857142857142855,Fast Moving,Understock
232,Shampoo,Household,221,46738.11,289.7857142857143,468,2024-09-12 06:00:00,42,4,0.3536,0.7626324870594036,819.5297349709114,0.32075471698113206,Fast Moving,Balanced
233,Biscuits,Food,177,45095.57,249.38095238095238,2,2024-08-23 18:00:00,42,24,0.2832,0.709757494748902,880.5824589722895,0.9888268156424581,Moderate,Balanced
234,Oil,Food,230,50887.03,258.7111111111111,173,2024-08-24 08:00:00,45,23,0.368,0.8890225047242742,703.0193236714975,0.5707196029776674,Fast Moving,Balanced
235,Biscuits,Household,206,37109.81,273.8421052631579,62,2024-08-13 06:00:00,38,34,0.3296,0.7522583125120123,830.8316300459888,0.7686567164179104,Moderate,Balanced
236,Oil,Food,201,35267.17,253.55555555555554,424,2024-09-14 20:00:00,36,2,0.3216,0.7927256792287467,788.4190160309563,0.3216,Moderate,Balanced
237,Rice,Food,114,26388.13,251.2,152,2024-09-11 09:00:00,25,5,0.1824,0.4538216560509554,1377.1929824561403,0.42857142857142855,Slow Moving,Balanced
238,Oil,Household,161,35069.97,221.6875,78,2024-09-02 11:00:00,32,14,0.2576,0.7262475331265859,860.5881211180124,0.6736401673640168,Slow Moving,Balanced
239,Soap,Food,171,38459.47,301.1621621621622,398,2024-08-21 15:00:00,37,26,0.2736,0.5678004128152203,1100.7388967915283,0.30052724077328646,Moderate,Overstock
240,Soap,Personal Care,164,33925.24,228.53125,453,2024-09-16 04:00:00,32,0,0.2624,0.7176261452208396,870.9270198170732,0.26580226904376014,Slow Moving,Balanced
241,Rice,Household,184,41809.53,250.2051282051282,461,2024-09-14 23:00:00,39,2,0.2944,0.7353965976634557,849.8815496098105,0.28527131782945736,Moderate,Balanced
242,Soap,Food,211,45968.68,296.8333333333333,161,2024-08-31 09:00:00,42,16,0.3376,0.7108366086468276,879.2456556082149,0.5672043010752689,Fast Moving,Overstock
243,Shampoo,Food,199,41016.82,242.6046511627907,1,2024-09-14 21:00:00,43,2,0.3184,0.8202645705521472,761.9492812901718,0.995,Moderate,Balanced
244,Oil,Household,252,42124.61,236.3913043478261,10,2024-09-14 22:00:00,46,2,0.4032,1.0660290601434614,586.2879572118703,0.9618320610687023,Fast Moving,Balanced
245,Biscuits,Personal Care,209,46678.8,248.04651162790697,426,2024-08-24 01:00:00,43,23,0.3344,0.8425839114944684,741.7658840547457,0.3291338582677165,Moderate,Balanced
246,Soap,Personal Care,224,49824.87,212.47826086956522,221,2024-09-02 04:00:00,46,14,0.3584,1.0542254962144464,592.8522903726708,0.503370786516854,Fast Moving,Understock
247,Biscuits,Food,168,34545.93,232.33333333333334,14,2024-09-08 12:00:00,36,8,0.2688,0.7230989956958392,864.3353174603176,0.9230769230769231,Moderate,Balanced
248,Shampoo,Household,225,41401.64,226.71428571428572,362,2024-09-06 18:00:00,42,10,0.36,0.9924385633270321,629.7619047619048,0.3833049403747871,Fast Moving,Understock
249,Biscuits,Household,151,33303.77,227.26666666666668,16,2024-09-15 19:00:00,30,1,0.2416,0.6644177178058082,940.673289183223,0.9041916167664671,Slow Moving,Balanced
250,Soap,Household,160,29127.559999999998,207.59375,47,2024-08-02 10:00:00,32,45,0.256,0.7707361132018666,810.9130859375,0.7729468599033816,Slow Moving,Understock
251,Rice,Food,185,34896.62,259.87179487179486,300,2024-09-09 01:00:00,39,7,0.296,0.7118894918598915,877.945252945253,0.38144329896907214,Moderate,Balanced
252,Shampoo,Household,163,36614.15,245.90625,250,2024-09-15 00:00:00,32,1,0.2608,0.6628542381497013,942.8920628834356,0.3946731234866828,Slow Moving,Balanced
253,Oil,Personal Care,200,43467.43,235.35,187,2024-09-10 03:00:00,40,6,0.32,0.8497981729339282,735.46875,0.5167958656330749,Moderate,Balanced
254,Oil,Household,157,38037.95,226.6060606060606,370,2024-07-23 14:00:00,33,55,0.2512,0.692832308103771,902.0941903107508,0.29791271347248577,Slow Moving,Balanced
255,Oil,Personal Care,179,38529.03,232.92105263157896,223,2024-09-12 12:00:00,38,4,0.2864,0.768500734380296,813.2718318141723,0.44527363184079605,Moderate,Understock
256,Shampoo,Household,156,36628.13,242.0,418,2024-09-13 06:00:00,36,3,0.2496,0.6446280991735537,969.5512820512821,0.27177700348432055,Slow Moving,Balanced
257,Rice,Personal Care,208,34122.73,225.72727272727272,425,2024-09-16 00:00:00,44,0,0.3328,0.9214659685863875,678.2670454545454,0.3285939968404423,Moderate,Understock
258,Biscuits,Food,237,44431.52,251.0204081632653,260,2024-08-10 19:00:00,49,37,0.3792,0.9441463414634147,661.9736502195815,0.4768611670020121,Fast Moving,Balanced
259,Oil,Household,162,36441.06,262.47222222222223,357,2024-09-13 12:00:00,36,3,0.2592,0.6172081701767382,1012.6243141289439,0.31213872832369943,Slow Moving,Balanced
260,Biscuits,Food,186,41790.43,256.725,27,2024-09-16 11:00:00,40,0,0.2976,0.7245106631609698,862.6512096774195,0.8732394366197183,Moderate,Balanced
261,Biscuits,Household,238,51832.02,267.9795918367347,247,2024-09-13 04:00:00,49,3,0.3808,0.888127332267154,703.7279197393243,0.49072164948453606,Fast Moving,Balanced
262,Soap,Household,117,22160.66,185.0,212,2024-09-16 17:00:00,24,0,0.1872,0.6324324324324324,988.2478632478633,0.3556231003039514,Slow Moving,Balanced
263,Soap,Household,147,27937.41,247.82142857142858,86,2024-08-26 13:00:00,28,21,0.2352,0.5931690445309122,1053.6625364431486,0.630901287553648,Slow Moving,Balanced
264,Shampoo,Household,215,41355.13,252.65,340,2024-09-16 20:00:00,40,0,0.344,0.8509796160696615,734.4476744186047,0.38738738738738737,Fast Moving,Balanced
265,Rice,Personal Care,196,36688.56,236.22857142857143,202,2024-09-08 04:00:00,35,8,0.3136,0.8297048863086599,753.2798833819242,0.49246231155778897,Moderate,Balanced
266,Rice,Food,156,30276.43,266.61290322580646,20,2024-06-23 00:00:00,31,85,0.2496,0.5851179673321234,1068.1606699751862,0.8863636363636364,Dead Stock,Overstock
267,Soap,Household,144,24771.9,279.9230769230769,297,2024-08-26 08:00:00,26,21,0.2304,0.5144270403957132,1214.9439102564102,0.32653061224489793,Slow Moving,Overstock
268,Soap,Personal Care,219,46033.07,231.26190476190476,105,2024-08-26 10:00:00,42,21,0.3504,0.9469782765366005,659.9940204392259,0.6759259259259259,Fast Moving,Understock
269,Shampoo,Household,173,39840.9,267.7692307692308,133,2024-08-31 17:00:00,39,16,0.2768,0.6460787130135018,967.3743886171633,0.565359477124183,Moderate,Overstock
270,Rice,Household,183,31338.05,250.72222222222223,62,2024-07-16 22:00:00,36,62,0.2928,0.7298914247728784,856.2917425622343,0.746938775510204,Dead Stock,Balanced
271,Oil,Food,151,35137.2,238.875,217,2024-08-28 12:00:00,32,19,0.2416,0.6321297749869178,988.7210264900663,0.41032608695652173,Slow Moving,Balanced
272,Biscuits,Personal Care,202,44875.3,244.8780487804878,137,2024-09-16 15:00:00,41,0,0.3232,0.8249003984063745,757.6672301376478,0.5958702064896755,Moderate,Balanced
273,Rice,Household,194,36318.9,216.22222222222223,496,2024-09-07 14:00:00,36,9,0.3104,0.8972250770811921,696.5922107674685,0.2811594202898551,Moderate,Understock
274,Soap,Food,155,28782.079999999998,209.0344827586207,66,2024-09-15 06:00:00,29,1,0.248,0.7415044539755856,842.880978865406,0.7013574660633484,Slow Moving,Balanced
275,Rice,Personal Care,217,42677.55,263.0625,329,2024-09-07 10:00:00,48,9,0.3472,0.8248990258968876,757.6684907834102,0.3974358974358974,Fast Moving,Balanced
276,Oil,Personal Care,121,29670.37,266.17241379310343,419,2024-09-10 13:00:00,29,6,0.1936,0.4545925638036015,1374.8575092618978,0.22407407407407406,Slow Moving,Balanced
277,Biscuits,Household,185,34990.02,235.5142857142857,383,2024-08-28 23:00:00,35,19,0.296,0.785514982409317,795.6563706563707,0.3257042253521127,Moderate,Balanced
278,Shampoo,Food,120,22305.67,184.70833333333334,133,2024-09-07 08:00:00,24,9,0.192,0.6496729077374238,962.0225694444446,0.4743083003952569,Slow Moving,Balanced
279,Rice,Personal Care,209,47613.59,272.90909090909093,5,2024-08-08 16:00:00,44,39,0.3344,0.7658227848101266,816.1157024793389,0.9766355140186916,Moderate,Balanced
280,Biscuits,Household,174,35141.24,250.46875,67,2024-08-21 03:00:00,32,26,0.2784,0.6946974422956955,899.6722341954023,0.7219917012448133,Moderate,Balanced
281,Shampoo,Household,203,39828.63,222.025,181,2024-08-30 12:00:00,40,17,0.3248,0.9143114514131291,683.5745073891626,0.5286458333333334,Moderate,Understock
282,Soap,Household,216,39907.12,255.0,283,2024-08-24 03:00:00,41,23,0.3456,0.8470588235294118,737.8472222222223,0.43286573146292584,Fast Moving,Balanced
283,Rice,Food,224,41478.25,294.2325581395349,49,2024-09-16 18:00:00,43,0,0.3584,0.7613025608599431,820.9613787375415,0.8205128205128205,Fast Moving,Balanced
284,Soap,Personal Care,183,32655.34,234.8,139,2024-09-03 16:00:00,40,13,0.2928,0.7793867120954003,801.9125683060109,0.5683229813664596,Moderate,Understock
285,Rice,Household,178,36413.74,247.1578947368421,404,2024-08-30 18:00:00,38,17,0.2848,0.7201873935264055,867.8296865759905,0.30584192439862545,Moderate,Balanced
286,Oil,Food,153,25543.14,278.19354838709677,391,2024-09-13 23:00:00,31,3,0.2448,0.5499768089053804,1136.4115538688593,0.28125,Slow Moving,Overstock
287,Rice,Household,212,47300.82,251.29268292682926,92,2024-08-15 02:00:00,41,32,0.3392,0.8436377754052218,740.8392774965486,0.6973684210526315,Fast Moving,Balanced
288,Biscuits,Household,174,29272.6,240.96875,110,2024-09-10 19:00:00,32,6,0.2784,0.7220853326416807,865.5486709770115,0.6126760563380281,Moderate,Balanced
289,Rice,Personal Care,219,35582.1,268.89473684210526,450,2024-09-15 16:00:00,38,1,0.3504,0.8144450968878449,767.393655371305,0.3273542600896861,Fast Moving,Balanced
290,Biscuits,Personal Care,144,32358.28,265.25,213,2024-09-07 13:00:00,32,9,0.2304,0.5428840716305372,1151.2586805555557,0.40336134453781514,Slow Moving,Balanced
291,Soap,Personal Care,172,43474.27,230.86486486486487,156,2024-09-04 22:00:00,37,12,0.2752,0.7450245844064621,838.8984915147706,0.524390243902439,Moderate,Balanced
292,Soap,Food,198,35801.0,235.6315789473684,181,2024-09-05 21:00:00,38,11,0.3168,0.8402948402948404,743.7865497076023,0.5224274406332454,Moderate,Balanced
293,Soap,Household,230,44366.32,289.73809523809524,406,2024-09-11 05:00:00,42,5,0.368,0.793820363218013,787.3317805383023,0.36163522012578614,Fast Moving,Balanced
294,Soap,Personal Care,186,35004.54,256.44117647058823,303,2024-08-01 15:00:00,34,46,0.2976,0.7253125358412662,861.6975015812777,0.3803680981595092,Moderate,Balanced
295,Biscuits,Household,239,50154.36,262.29411764705884,379,2024-09-13 19:00:00,51,3,0.3824,0.9111908499663601,685.9155796209698,0.38673139158576053,Fast Moving,Balanced
296,Oil,Personal Care,222,46272.13,282.075,339,2024-09-16 21:00:00,40,0,0.3552,0.7870247274660995,794.1300675675675,0.39572192513368987,Fast Moving,Balanced
297,Soap,Household,169,46942.11,268.56756756756755,447,2024-09-10 06:00:00,37,6,0.2704,0.6292643655026668,993.2232528386373,0.27435064935064934,Moderate,Overstock
298,Shampoo,Personal Care,187,38879.68,249.94736842105263,293,2024-09-11 08:00:00,38,5,0.2992,0.748157506843546,835.3855896425556,0.38958333333333334,Moderate,Balanced
299,Soap,Personal Care,212,46497.58,266.4594594594595,239,2024-09-14 01:00:00,37,2,0.3392,0.7956182168576934,785.5526517083122,0.4700665188470067,Fast Moving,Balanced
300,Rice,Food,196,43252.04,231.52631578947367,167,2024-07-31 10:00:00,38,47,0.3136,0.8465560354626052,738.2854457572503,0.5399449035812672,Moderate,Understock
301,Rice,Household,166,33265.16,212.2941176470588,211,2024-08-23 12:00:00,34,24,0.2656,0.7819340537545026,799.3001417434443,0.4403183023872679,Moderate,Understock
302,Oil,Food,213,48095.15,256.8837209302326,17,2024-09-05 03:00:00,43,11,0.3408,0.8291689299293861,753.7667867671145,0.9260869565217391,Fast Moving,Balanced
303,Biscuits,Personal Care,244,43842.09,262.4318181818182,220,2024-09-05 07:00:00,44,11,0.3904,0.9297653070061488,672.2126490312966,0.5258620689655172,Fast Moving,Balanced
304,Oil,Household,186,46873.39,256.4878048780488,20,2024-09-16 01:00:00,41,0,0.2976,0.7251806770635222,861.8541830579597,0.9029126213592233,Moderate,Balanced
305,Oil,Household,173,48828.49,240.53658536585365,46,2024-09-10 00:00:00,41,6,0.2768,0.719225309267897,868.9905540673903,0.7899543378995434,Moderate,Balanced
306,Rice,Personal Care,204,47025.44,292.4390243902439,179,2024-08-11 18:00:00,41,36,0.3264,0.697581317764804,895.9528933524629,0.5326370757180157,Moderate,Overstock
307,Rice,Household,164,41345.69,253.52631578947367,144,2024-08-17 18:00:00,38,30,0.2624,0.6468756487440316,966.1826059050064,0.5324675324675324,Slow Moving,Balanced
308,Oil,Food,145,24994.15,269.55172413793105,355,2024-08-05 04:00:00,29,42,0.232,0.5379301522323142,1161.860879904875,0.29,Slow Moving,Overstock
309,Biscuits,Food,126,36231.04,227.9375,188,2024-08-05 13:00:00,32,42,0.2016,0.5527831094049904,1130.642361111111,0.4012738853503185,Slow Moving,Balanced
310,Soap,Food,212,45877.64,259.31111111111113,237,2024-09-14 09:00:00,45,2,0.3392,0.8175507755591738,764.4785115303985,0.47216035634743875,Fast Moving,Balanced
311,Soap,Household,188,43737.07,243.725,375,2024-09-01 00:00:00,40,15,0.3008,0.7713611652477177,810.2559840425532,0.3339253996447602,Moderate,Balanced
312,Shampoo,Food,215,42012.94,256.4,338,2024-08-18 01:00:00,40,29,0.344,0.8385335413416537,745.3488372093022,0.3887884267631103,Fast Moving,Balanced
313,Rice,Food,154,31509.88,243.28125,282,2024-08-31 08:00:00,32,16,0.2464,0.6330122029543995,987.3427353896103,0.3532110091743119,Slow Moving,Balanced
314,Oil,Personal Care,190,39478.79,232.28571428571428,189,2024-09-10 01:00:00,35,6,0.304,0.8179581795817958,764.0977443609022,0.5013192612137203,Moderate,Understock
315,Rice,Food,162,30549.38,257.1764705882353,319,2024-08-28 00:00:00,34,19,0.2592,0.6299176578225069,992.1931735657225,0.3367983367983368,Slow Moving,Balanced
316,Oil,Personal Care,197,38130.98,246.975,141,2024-09-16 14:00:00,40,0,0.3152,0.7976515841684381,783.5501269035533,0.5828402366863905,Moderate,Balanced
317,Oil,Food,168,34287.33,265.88235294117646,335,2024-08-11 04:00:00,34,36,0.2688,0.631858407079646,989.1456582633053,0.33399602385685884,Moderate,Balanced
318,Biscuits,Personal Care,175,33043.35,219.08823529411765,28,2024-09-13 13:00:00,34,3,0.28,0.7987649348905893,782.4579831932773,0.8620689655172413,Moderate,Understock
319,Shampoo,Household,170,39290.47,276.3030303030303,14,2024-09-04 12:00:00,33,12,0.272,0.6152665058126782,1015.8199643493762,0.9239130434782609,Moderate,Overstock
320,Shampoo,Food,201,32930.67,232.73529411764707,398,2024-08-05 16:00:00,34,42,0.3216,0.8636421079236699,723.6793971319871,0.335559265442404,Moderate,Understock
321,Oil,Household,190,41242.66,246.33333333333334,206,2024-09-15 11:00:00,39,1,0.304,0.7713125845737483,810.3070175438596,0.4797979797979798,Moderate,Balanced
322,Shampoo,Food,150,34077.18,257.6060606060606,456,2024-09-12 05:00:00,33,4,0.24,0.5822844371250441,1073.358585858586,0.24752475247524752,Slow Moving,Balanced
323,Rice,Household,197,41920.5,245.3658536585366,154,2024-09-03 13:00:00,41,13,0.3152,0.802882703777336,778.4449671907887,0.5612535612535613,Moderate,Balanced
324,Rice,Food,206,34818.11,231.73684210526315,29,2024-08-25 13:00:00,38,22,0.3296,0.8889393595275948,703.0850792028615,0.8765957446808511,Moderate,Understock
325,Oil,Personal Care,192,39146.05,280.6,264,2024-09-04 16:00:00,40,12,0.3072,0.6842480399144689,913.4114583333335,0.42105263157894735,Moderate,Overstock
326,Shampoo,Food,168,35805.88,230.26470588235293,72,2024-09-10 17:00:00,34,6,0.2688,0.7295950951590242,856.6395308123249,0.7,Moderate,Balanced
327,Oil,Food,275,49007.77,261.6730769230769,8,2024-09-06 23:00:00,52,10,0.44,1.0509296685529508,594.7115384615385,0.9717314487632509,Fast Moving,Balanced
328,Soap,Personal Care,194,43358.34,201.325,271,2024-08-28 08:00:00,40,19,0.3104,0.9636160437104185,648.5985824742268,0.4172043010752688,Moderate,Understock
329,Soap,Household,180,40049.159999999996,252.56410256410257,492,2024-09-13 08:00:00,39,3,0.288,0.7126903553299492,876.9586894586895,0.26785714285714285,Moderate,Balanced
330,Oil,Food,172,37579.55,273.55882352941177,35,2024-09-11 00:00:00,34,5,0.2752,0.6287495968175465,994.0364227086184,0.8309178743961353,Moderate,Overstock
331,Oil,Food,192,38229.08,315.51162790697674,368,2024-09-11 07:00:00,43,5,0.3072,0.6085354168202256,1027.0560804263564,0.34285714285714286,Moderate,Overstock
332,Shampoo,Personal Care,232,47943.57,221.95454545454547,107,2024-09-13 18:00:00,44,3,0.3712,1.0452590620520172,597.9378918495297,0.6843657817109144,Fast Moving,Understock
333,Rice,Personal Care,169,31159.94,251.57575757575756,46,2024-09-09 13:00:00,33,7,0.2704,0.6717658395567333,930.3837188452574,0.786046511627907,Moderate,Balanced
334,Shampoo,Food,237,52331.88,262.77777777777777,289,2024-08-16 16:00:00,45,31,0.3792,0.9019027484143763,692.9793717768401,0.4505703422053232,Fast Moving,Balanced
335,Oil,Food,240,46326.06,246.45238095238096,233,2024-09-12 19:00:00,42,4,0.384,0.973818954690368,641.8030753968254,0.507399577167019,Fast Moving,Balanced
336,Rice,Household,201,43521.21,274.4634146341463,312,2024-08-30 11:00:00,41,17,0.3216,0.7323380431884832,853.43101565344,0.391812865497076,Moderate,Overstock
337,Oil,Personal Care,156,28116.52,252.375,34,2024-09-14 14:00:00,32,2,0.2496,0.6181277860326895,1011.1177884615385,0.8210526315789474,Slow Moving,Balanced
338,Shampoo,Food,232,51000.68,243.0888888888889,334,2024-08-01 13:00:00,45,46,0.3712,0.9543833988481579,654.8730842911878,0.4098939929328622,Fast Moving,Balanced
339,Shampoo,Personal Care,209,44527.86,268.4047619047619,42,2024-09-12 02:00:00,42,4,0.3344,0.778674709482835,802.6458190931876,0.8326693227091634,Moderate,Balanced
340,Soap,Household,195,41019.39,249.14285714285714,361,2024-09-10 07:00:00,42,6,0.312,0.7826834862385321,798.5347985347985,0.35071942446043164,Moderate,Balanced
341,Biscuits,Personal Care,120,24529.91,237.72,430,2024-09-06 14:00:00,25,10,0.192,0.5047955577990914,1238.125,0.21818181818181817,Slow Moving,Balanced
342,Shampoo,Personal Care,207,41002.63,277.2,250,2024-08-25 18:00:00,45,22,0.3312,0.7467532467532468,836.9565217391304,0.45295404814004375,Moderate,Overstock
343,Rice,Personal Care,221,40228.95,206.7674418604651,107,2024-09-11 16:00:00,43,5,0.3536,1.0688336520076482,584.7495527728086,0.6737804878048781,Fast Moving,Understock
344,Soap,Personal Care,200,49214.0,270.25531914893617,242,2024-08-20 19:00:00,47,27,0.32,0.7400409384348922,844.5478723404256,0.45248868778280543,Moderate,Overstock
345,Shampoo,Food,227,40940.92,266.609756097561,282,2024-08-29 05:00:00,41,18,0.3632,0.8514317079864605,734.0576985065005,0.44597249508840864,Fast Moving,Balanced
346,Biscuits,Household,245,54355.99,250.0909090909091,150,2024-08-01 06:00:00,44,46,0.392,0.9796437659033079,637.9870129870129,0.620253164556962,Fast Moving,Balanced
347,Rice,Household,213,41626.729999999996,234.13513513513513,137,2024-09-15 08:00:00,37,1,0.3408,0.9097310400554081,687.0162415937064,0.6085714285714285,Fast Moving,Understock
348,Soap,Household,174,39429.78,290.35483870967744,454,2024-08-20 16:00:00,31,27,0.2784,0.5992667481390956,1042.9412309974045,0.2770700636942675,Moderate,Overstock
349,Soap,Personal Care,165,30957.59,242.25,269,2024-08-31 07:00:00,36,16,0.264,0.6811145510835913,917.6136363636364,0.38018433179723504,Slow Moving,Balanced
350,Soap,Household,180,38777.53,264.30555555555554,494,2024-09-14 08:00:00,36,2,0.288,0.6810299527062533,917.7276234567901,0.26706231454005935,Moderate,Balanced
351,Biscuits,Personal Care,199,41625.89,277.3181818181818,320,2024-08-22 03:00:00,44,25,0.3184,0.7175872807736436,870.9741891274555,0.3834296724470135,Moderate,Overstock
352,Shampoo,Personal Care,144,27402.010000000002,220.5185185185185,210,2024-09-08 21:00:00,27,8,0.2304,0.6530063822640242,957.1116255144033,0.4067796610169492,Slow Moving,Balanced
353,Biscuits,Personal Care,190,42368.53,250.8,319,2024-09-03 06:00:00,35,13,0.304,0.7575757575757576,825.0,0.37328094302554027,Moderate,Balanced
354,Soap,Household,240,33185.69,231.29545454545453,419,2024-09-15 21:00:00,44,1,0.384,1.037633880318365,602.3319128787879,0.36418816388467373,Fast Moving,Understock
355,Soap,Personal Care,143,28588.760000000002,234.9655172413793,29,2024-08-20 07:00:00,29,27,0.2288,0.6085999412973291,1026.947190740294,0.8313953488372093,Slow Moving,Balanced
356,Rice,Food,156,37389.5,244.3125,463,2024-07-21 06:00:00,32,57,0.2496,0.6385264773599386,978.8161057692307,0.2520193861066236,Slow Moving,Balanced
357,Oil,Food,149,32856.72,215.35714285714286,339,2024-08-14 06:00:00,28,33,0.2384,0.6918739635157546,903.3437200383509,0.305327868852459,Slow Moving,Balanced
358,Rice,Household,169,32050.42,261.09375,24,2024-09-16 19:00:00,32,0,0.2704,0.647277079593058,965.5833949704142,0.8756476683937824,Moderate,Balanced
359,Biscuits,Food,201,40148.69,287.1025641025641,270,2024-09-13 05:00:00,39,3,0.3216,0.7000982406001608,892.731853552749,0.4267515923566879,Moderate,Overstock
360,Rice,Personal Care,193,38024.54,253.05555555555554,169,2024-08-19 16:00:00,36,28,0.3088,0.7626783754116356,819.4804260218767,0.5331491712707183,Moderate,Balanced
361,Shampoo,Household,164,36735.26,222.72222222222223,68,2024-08-08 02:00:00,36,39,0.2624,0.7363432277375904,848.7889566395664,0.7068965517241379,Slow Moving,Balanced
362,Oil,Household,230,39340.66,255.09302325581396,189,2024-09-13 11:00:00,43,3,0.368,0.9016318716382532,693.1875631951467,0.548926014319809,Fast Moving,Balanced
363,Shampoo,Food,187,36543.58,222.86486486486487,406,2024-09-03 09:00:00,37,13,0.2992,0.8390734901770556,744.8692007515536,0.31534569983136596,Moderate,Understock
364,Soap,Food,163,34914.9,242.14285714285714,53,2024-09-16 09:00:00,35,0,0.2608,0.6731563421828909,928.4618755477651,0.7546296296296297,Slow Moving,Balanced
365,Oil,Personal Care,235,46924.33,264.73333333333335,35,2024-08-30 23:00:00,45,17,0.376,0.8876857214807353,704.0780141843971,0.8703703703703703,Fast Moving,Balanced
366,Biscuits,Food,211,46469.66,251.64444444444445,184,2024-09-05 04:00:00,45,11,0.3376,0.8384846344048039,745.3923117430227,0.5341772151898734,Fast Moving,Balanced
367,Rice,Food,149,33728.15,250.125,231,2024-08-20 18:00:00,32,27,0.2384,0.5957021489255372,1049.1820469798658,0.39210526315789473,Slow Moving,Balanced
368,Oil,Household,187,34758.12,266.6756756756757,325,2024-08-03 09:00:00,37,44,0.2992,0.7012263099219621,891.295707472178,0.365234375,Moderate,Overstock
369,Rice,Household,196,34620.18,278.0857142857143,496,2024-07-01 12:00:00,35,77,0.3136,0.7048186581732251,886.7529154518951,0.2832369942196532,Dead Stock,Overstock
370,Oil,Household,155,30052.05,312.93548387096774,406,2024-09-12 01:00:00,31,4,0.248,0.4953097618802185,1261.8366285119666,0.27629233511586454,Slow Moving,Overstock
371,Shampoo,Household,199,44043.32,230.0,460,2024-08-19 00:00:00,43,28,0.3184,0.8652173913043478,722.3618090452261,0.30197268588770865,Moderate,Understock
372,Shampoo,Food,180,36353.88,220.0,444,2024-08-31 11:00:00,35,16,0.288,0.8181818181818182,763.8888888888888,0.28846153846153844,Moderate,Understock
373,Biscuits,Personal Care,259,51309.33,250.89583333333334,352,2024-09-07 18:00:00,48,9,0.4144,1.0323009216972514,605.4436132561133,0.4238952536824877,Fast Moving,Balanced
374,Oil,Personal Care,169,37344.93,222.22857142857143,340,2024-08-23 17:00:00,35,24,0.2704,0.76047827204937,821.8512256973795,0.3320235756385069,Moderate,Understock
375,Soap,Food,197,33088.77,261.4054054054054,87,2024-09-13 07:00:00,37,3,0.3152,0.7536186931348221,829.3318699410071,0.6936619718309859,Moderate,Balanced
376,Rice,Food,137,33354.01,237.83870967741936,115,2024-07-10 13:00:00,31,68,0.2192,0.5760206157602061,1085.0306098422416,0.5436507936507936,Dead Stock,Balanced
377,Biscuits,Household,194,36432.68,230.0,83,2024-09-05 11:00:00,36,11,0.3104,0.8434782608695652,740.979381443299,0.7003610108303249,Moderate,Understock
378,Soap,Personal Care,128,35835.38,241.7941176470588,85,2024-07-15 09:00:00,34,63,0.2048,0.5293759883225885,1180.6353400735295,0.6009389671361502,Dead Stock,Balanced
379,Oil,Food,216,39944.81,251.4390243902439,126,2024-09-09 05:00:00,41,7,0.3456,0.8590551944902513,727.5434733514002,0.631578947368421,Fast Moving,Balanced
380,Soap,Food,159,31547.73,253.9375,290,2024-08-20 17:00:00,32,27,0.2544,0.6261383214373616,998.1819968553459,0.35412026726057905,Slow Moving,Balanced
381,Biscuits,Household,138,23782.16,263.92,264,2024-08-24 23:00:00,25,23,0.2208,0.5228857229463474,1195.2898550724638,0.34328358208955223,Slow Moving,Balanced
382,Biscuits,Food,220,50991.44,283.0416666666667,198,2024-09-14 11:00:00,48,2,0.352,0.777270719858678,804.095643939394,0.5263157894736842,Fast Moving,Balanced
383,Shampoo,Food,234,42435.31,239.0,478,2024-09-10 04:00:00,43,6,0.3744,0.9790794979079498,638.3547008547008,0.32865168539325845,Fast Moving,Balanced
384,Rice,Food,185,41144.09,284.3809523809524,488,2024-09-05 05:00:00,42,11,0.296,0.6505358338914936,960.7464607464608,0.274888558692422,Moderate,Overstock
385,Rice,Food,169,35737.86,261.05555555555554,455,2024-08-16 07:00:00,36,31,0.2704,0.647371781230049,965.4421433267586,0.2708333333333333,Moderate,Balanced
386,Rice,Household,228,51458.47,258.7608695652174,100,2024-07-10 22:00:00,46,68,0.3648,0.8811224061161053,709.3225591151792,0.6951219512195121,Dead Stock,Balanced
387,Rice,Food,190,44016.56,256.2972972972973,43,2024-08-21 05:00:00,37,26,0.304,0.741326584414215,843.083214793741,0.8154506437768241,Moderate,Balanced
388,Soap,Personal Care,185,33355.45,219.6875,20,2024-09-03 19:00:00,32,13,0.296,0.8421052631578947,742.1875,0.9024390243902439,Moderate,Understock
389,Soap,Personal Care,215,38049.51,226.06976744186048,320,2024-09-08 23:00:00,43,8,0.344,0.9510338442547063,657.1795565170363,0.40186915887850466,Fast Moving,Understock
390,Shampoo,Food,231,48466.9,245.67391304347825,429,2024-09-09 14:00:00,46,7,0.3696,0.940270772498009,664.7021456804065,0.35,Fast Moving,Balanced
391,Biscuits,Household,185,37034.31,191.22222222222223,60,2024-09-05 10:00:00,36,11,0.296,0.967460778617083,646.021021021021,0.7551020408163265,Moderate,Understock
392,Rice,Food,189,41187.68,257.0,379,2024-09-11 06:00:00,39,5,0.3024,0.7354085603112841,849.8677248677249,0.33274647887323944,Moderate,Balanced
393,Biscuits,Personal Care,266,53507.83,237.13725490196077,6,2024-09-13 16:00:00,51,3,0.4256,1.1217132462378039,557.1833996756598,0.9779411764705882,Fast Moving,Balanced
394,Biscuits,Food,154,31006.44,298.96774193548384,33,2024-09-06 09:00:00,31,10,0.2464,0.515105740181269,1213.3431085043985,0.8235294117647058,Slow Moving,Overstock
395,Rice,Food,166,41033.85,247.02941176470588,200,2024-09-15 18:00:00,34,1,0.2656,0.6719847600904869,930.0806165839831,0.453551912568306,Moderate,Balanced
396,Soap,Personal Care,214,50508.33,260.97727272727275,206,2024-09-12 08:00:00,44,4,0.3424,0.8199947748846119,762.1999787595583,0.5095238095238095,Fast Moving,Balanced
397,Rice,Food,225,50306.28,250.48936170212767,207,2024-09-15 09:00:00,47,1,0.36,0.8982417395736005,695.8037825059102,0.5208333333333334,Fast Moving,Balanced
398,Biscuits,Personal Care,206,42781.06,238.94871794871796,118,2024-09-13 20:00:00,39,3,0.3296,0.8621096684193583,724.9657704754792,0.6358024691358025,Moderate,Balanced
399,Biscuits,Household,179,38371.92,262.5,124,2024-09-11 14:00:00,36,5,0.2864,0.6819047619047619,916.550279329609,0.5907590759075908,Moderate,Balanced
400,Soap,Food,148,34071.43,244.05555555555554,112,2024-09-16 05:00:00,36,0,0.2368,0.6064193034372867,1030.6400150150148,0.5692307692307692,Slow Moving,Balanced
401,Biscuits,Food,187,34626.24,242.97297297297297,121,2024-09-01 01:00:00,37,15,0.2992,0.7696329254727475,812.0754444283856,0.6071428571428571,Moderate,Balanced
402,Soap,Personal Care,186,36745.22,282.0882352941176,89,2024-08-27 16:00:00,34,20,0.2976,0.6593681576477949,947.8771347248576,0.6763636363636364,Moderate,Overstock
403,Shampoo,Household,157,33003.82,256.25,124,2024-07-28 20:00:00,32,50,0.2512,0.6126829268292683,1020.1035031847134,0.5587188612099644,Slow Moving,Balanced
404,Rice,Personal Care,207,36294.14,241.28205128205127,2,2024-08-15 04:00:00,39,32,0.3312,0.8579171094580235,728.5086089433914,0.9904306220095693,Moderate,Balanced
405,Shampoo,Household,215,44934.65,246.875,200,2024-07-30 04:00:00,40,48,0.344,0.8708860759493671,717.6598837209302,0.5180722891566265,Fast Moving,Balanced
406,Rice,Household,140,39859.18,285.69444444444446,233,2024-08-29 09:00:00,36,18,0.224,0.490034030140982,1275.421626984127,0.3753351206434316,Slow Moving,Overstock
407,Oil,Food,142,31745.3,234.3,464,2024-08-29 17:00:00,30,18,0.2272,0.6060606060606061,1031.25,0.23432343234323433,Slow Moving,Balanced
408,Soap,Household,190,29425.18,203.23333333333332,472,2024-09-15 01:00:00,30,1,0.304,0.9348860095128753,668.5307017543859,0.28700906344410876,Moderate,Understock
409,Biscuits,Food,167,32810.47,254.52941176470588,490,2024-09-12 14:00:00,34,4,0.2672,0.6561127802172406,952.5801338499471,0.2541856925418569,Moderate,Balanced
410,Shampoo,Household,155,21479.32,233.875,402,2024-07-20 15:00:00,32,58,0.248,0.6627471940138963,943.0443548387098,0.27827648114901254,Slow Moving,Balanced
411,Soap,Household,209,44780.71,235.2,65,2024-08-15 08:00:00,45,32,0.3344,0.8886054421768708,703.3492822966507,0.7627737226277372,Moderate,Understock
412,Rice,Food,210,41339.23,239.95,226,2024-08-29 01:00:00,40,18,0.336,0.8751823296520109,714.1369047619047,0.481651376146789,Moderate,Balanced
413,Rice,Household,193,40296.44,280.7368421052632,392,2024-09-03 04:00:00,38,13,0.3088,0.6874765654293212,909.1218980092721,0.3299145299145299,Moderate,Overstock
414,Oil,Food,206,40708.76,229.92105263157896,296,2024-09-15 15:00:00,38,1,0.3296,0.8959597115714776,697.5760091977517,0.4103585657370518,Moderate,Understock
415,Biscuits,Food,173,36631.52,265.6,498,2024-09-04 09:00:00,35,12,0.2768,0.651355421686747,959.5375722543353,0.2578241430700447,Moderate,Balanced
416,Rice,Food,138,24316.81,266.86206896551727,131,2024-06-26 12:00:00,29,82,0.2208,0.5171210750742989,1208.6144427786107,0.5130111524163569,Dead Stock,Overstock
417,Rice,Personal Care,121,30645.76,261.258064516129,33,2024-08-18 05:00:00,31,29,0.1936,0.46314359797505866,1349.473473740336,0.7857142857142857,Slow Moving,Balanced
418,Soap,Household,206,40061.9,247.17073170731706,59,2024-09-04 14:00:00,41,12,0.3296,0.8334320110519046,749.9112005683163,0.7773584905660378,Moderate,Balanced
419,Oil,Household,207,38107.92,224.41463414634146,475,2024-09-10 15:00:00,41,6,0.3312,0.9223997391587871,677.5804171085189,0.3035190615835777,Moderate,Understock
420,Shampoo,Personal Care,128,28867.940000000002,241.07142857142858,308,2024-08-10 02:00:00,28,37,0.2048,0.530962962962963,1177.1065848214287,0.29357798165137616,Slow Moving,Balanced
421,Soap,Food,219,34373.81,247.55,264,2024-09-05 14:00:00,40,11,0.3504,0.8846697636841042,706.4783105022831,0.453416149068323,Fast Moving,Balanced
422,Shampoo,Food,217,39192.23,262.0232558139535,115,2024-09-06 02:00:00,43,10,0.3472,0.8281707641785746,754.6752759618475,0.6536144578313253,Fast Moving,Balanced
423,Oil,Personal Care,208,41994.99,251.975,381,2024-08-24 16:00:00,40,23,0.3328,0.8254787181267983,757.1364182692307,0.3531409168081494,Moderate,Balanced
424,Oil,Personal Care,173,30017.04,267.19444444444446,415,2024-09-08 17:00:00,36,8,0.2768,0.6474685518245139,965.2978484264613,0.2942176870748299,Moderate,Overstock
425,Rice,Personal Care,220,38123.55,276.2682926829268,367,2024-09-07 02:00:00,41,9,0.352,0.7963273594067274,784.8531042128602,0.3747870528109029,Fast Moving,Balanced
426,Oil,Food,207,44830.12,276.0263157894737,309,2024-09-06 08:00:00,38,10,0.3312,0.7499284965201639,833.4127892194255,0.4011627906976744,Moderate,Balanced
427,Biscuits,Household,187,37505.28,273.025,425,2024-08-21 10:00:00,40,26,0.2992,0.6849189634648842,912.5167112299464,0.3055555555555556,Moderate,Overstock
428,Biscuits,Household,160,27550.1,231.03333333333333,26,2024-09-05 18:00:00,30,11,0.256,0.6925407589092483,902.4739583333334,0.8602150537634409,Slow Moving,Balanced
429,Shampoo,Personal Care,116,29733.45,232.83333333333334,217,2024-09-10 16:00:00,30,6,0.1856,0.49821045096635647,1254.4899425287356,0.3483483483483483,Slow Moving,Balanced
430,Shampoo,Food,170,33161.5,318.7878787878788,398,2024-07-22 05:00:00,33,56,0.272,0.5332699619771862,1172.0142602495546,0.2992957746478873,Moderate,Overstock
431,Biscuits,Food,96,19357.13,267.6,342,2024-08-09 01:00:00,20,38,0.1536,0.35874439461883406,1742.1875,0.2191780821917808,Slow Moving,Overstock
432,Rice,Food,211,42214.9,210.2051282051282,264,2024-09-01 15:00:00,39,15,0.3376,1.0037814101000244,622.6455219346215,0.4442105263157895,Fast Moving,Understock
433,Rice,Personal Care,81,22376.15,244.22727272727272,51,2024-08-08 19:00:00,22,39,0.1296,0.3316582914572864,1884.469696969697,0.6136363636363636,Slow Moving,Balanced
434,Biscuits,Household,160,38470.39,228.6578947368421,107,2024-09-06 10:00:00,38,10,0.256,0.6997352975025894,893.1949013157895,0.599250936329588,Slow Moving,Balanced
435,Shampoo,Food,224,43824.96,246.66666666666666,309,2024-09-09 19:00:00,45,7,0.3584,0.9081081081081082,688.2440476190476,0.4202626641651032,Fast Moving,Balanced
436,Biscuits,Personal Care,185,37982.94,233.89473684210526,327,2024-08-12 21:00:00,38,35,0.296,0.790954095409541,790.184921763869,0.361328125,Moderate,Understock
437,Shampoo,Household,199,31022.27,238.94444444444446,140,2024-09-15 22:00:00,36,1,0.3184,0.832829574517554,750.4536571747627,0.5870206489675516,Moderate,Balanced
438,Rice,Household,252,44510.29,275.5416666666667,491,2024-09-10 09:00:00,48,6,0.4032,0.914562225918645,683.3870701058202,0.3391655450874832,Fast Moving,Balanced
439,Shampoo,Personal Care,212,35152.22,271.8421052631579,52,2024-08-27 08:00:00,38,20,0.3392,0.7798644724104549,801.4213008937439,0.803030303030303,Fast Moving,Balanced
440,Biscuits,Household,222,39788.55,230.6315789473684,253,2024-09-07 06:00:00,38,9,0.3552,0.9625741670470105,649.3006164058796,0.4673684210526316,Fast Moving,Understock
441,Shampoo,Personal Care,197,41568.76,272.5,484,2024-09-13 15:00:00,36,3,0.3152,0.7229357798165138,864.5304568527919,0.28928046989721,Moderate,Overstock
442,Soap,Household,186,39039.05,233.3846153846154,103,2024-08-24 11:00:00,39,23,0.2976,0.7969676994067237,784.2224979321754,0.643598615916955,Moderate,Understock
443,Soap,Household,163,35287.92,258.9428571428571,110,2024-09-14 02:00:00,35,2,0.2608,0.6294825113097209,992.8790534618755,0.5970695970695971,Slow Moving,Balanced
444,Soap,Food,168,42720.45,255.4857142857143,166,2024-09-16 08:00:00,35,0,0.2688,0.657571013196153,950.46768707483,0.5029940119760479,Moderate,Balanced
445,Biscuits,Personal Care,193,39057.0,259.44736842105266,219,2024-09-12 00:00:00,38,4,0.3088,0.743888832538797,840.1793018816471,0.4684466019417476,Moderate,Balanced
446,Shampoo,Food,119,30186.0,218.76923076923077,21,2024-09-14 03:00:00,26,2,0.1904,0.5439521800281294,1148.9980607627667,0.85,Slow Moving,Balanced
447,Rice,Household,224,43875.27,251.88095238095238,111,2024-08-31 02:00:00,42,16,0.3584,0.8893090084128935,702.7928358843537,0.6686567164179105,Fast Moving,Balanced
448,Biscuits,Personal Care,219,44426.22,262.32608695652175,391,2024-09-03 20:00:00,46,13,0.3504,0.834838816607276,748.6475084375621,0.3590163934426229,Fast Moving,Balanced
449,Shampoo,Personal Care,147,26097.91,261.23333333333335,282,2024-09-14 10:00:00,30,2,0.2352,0.5627153247416102,1110.685941043084,0.34265734265734266,Slow Moving,Balanced
450,Shampoo,Personal Care,235,43592.79,255.38297872340425,244,2024-09-11 15:00:00,47,5,0.376,0.9201866200116637,679.2100497962879,0.4906054279749478,Fast Moving,Balanced
451,Oil,Food,138,31917.62,263.0689655172414,406,2024-09-07 17:00:00,29,9,0.2208,0.5245772709398349,1191.4355322338831,0.2536764705882353,Slow Moving,Balanced
452,Soap,Household,156,33519.81,251.57575757575756,142,2024-09-08 22:00:00,33,8,0.2496,0.6200915442062154,1007.9156954156954,0.5234899328859061,Slow Moving,Balanced
453,Soap,Personal Care,228,45422.28,266.30232558139534,192,2024-08-25 07:00:00,43,22,0.3648,0.856169766832591,729.9954100367197,0.5428571428571428,Fast Moving,Balanced
454,Biscuits,Household,224,52495.48,228.89583333333334,61,2024-09-12 07:00:00,48,4,0.3584,0.9786110858287066,638.6602492559524,0.7859649122807018,Fast Moving,Understock
455,Rice,Household,203,44629.02,243.16666666666666,383,2024-09-12 23:00:00,42,4,0.3248,0.8348183687457162,748.6658456486043,0.3464163822525597,Moderate,Balanced
456,Rice,Personal Care,212,35800.72,234.21052631578948,51,2024-08-10 07:00:00,38,37,0.3392,0.9051685393258426,690.4791459781529,0.8060836501901141,Fast Moving,Understock
457,Biscuits,Household,174,34905.71,259.2647058823529,119,2024-07-15 00:00:00,34,63,0.2784,0.6711287577992059,931.2669033130494,0.5938566552901023,Dead Stock,Balanced
458,Oil,Household,171,35453.26,249.03030303030303,17,2024-09-14 07:00:00,33,2,0.2736,0.6866634217571185,910.1984759879497,0.9095744680851063,Moderate,Balanced
459,Oil,Food,176,41032.97,244.33333333333334,107,2024-09-07 15:00:00,39,9,0.2816,0.7203274215552523,867.660984848485,0.6219081272084805,Moderate,Balanced
460,Shampoo,Personal Care,157,31895.36,273.93548387096774,73,2024-08-03 21:00:00,31,44,0.2512,0.57312764955252,1090.5074994863364,0.6826086956521739,Slow Moving,Overstock
461,Shampoo,Personal Care,198,40427.77,226.76315789473685,265,2024-08-28 13:00:00,38,19,0.3168,0.8731577115005222,715.7927963849016,0.42764578833693306,Moderate,Understock
462,Oil,Household,187,47867.33,225.1,278,2024-09-01 22:00:00,40,15,0.2992,0.8307418924922257,752.3395721925133,0.4021505376344086,Moderate,Understock
463,Shampoo,Household,220,47554.67,257.63829787234044,294,2024-09-03 10:00:00,47,13,0.352,0.8539103146420017,731.9269825918763,0.4280155642023346,Fast Moving,Balanced
464,Soap,Household,190,36405.1,242.82051282051282,284,2024-08-14 22:00:00,39,33,0.304,0.7824709609292503,798.7516869095816,0.4008438818565401,Moderate,Balanced
465,Biscuits,Household,126,26684.54,288.9166666666667,64,2024-09-10 22:00:00,24,6,0.2016,0.4361119123161234,1433.1183862433863,0.6631578947368421,Slow Moving,Overstock
466,Biscuits,Household,255,42160.32,220.97826086956522,84,2024-08-29 14:00:00,46,18,0.408,1.1539596655189375,541.6133844842285,0.7522123893805309,Fast Moving,Understock
467,Oil,Personal Care,165,33662.08,265.7,175,2024-08-07 21:00:00,30,40,0.264,0.621001129092962,1006.4393939393939,0.4852941176470588,Slow Moving,Balanced
468,Oil,Personal Care,197,32632.899999999998,262.1081081081081,464,2024-08-10 03:00:00,37,37,0.3152,0.7515982676840585,831.5612566881604,0.2980332829046899,Moderate,Balanced
469,Rice,Food,197,35273.65,253.23076923076923,213,2024-09-13 03:00:00,39,3,0.3152,0.7779465370595383,803.3971105037094,0.48048780487804876,Moderate,Balanced
470,Rice,Household,180,42674.92,223.21621621621622,284,2024-09-15 05:00:00,37,1,0.288,0.8063930257900472,775.0563063063063,0.3879310344827586,Moderate,Understock
471,Shampoo,Household,201,29160.5,258.4054054054054,148,2024-09-08 07:00:00,37,8,0.3216,0.7778475054910574,803.4993949173054,0.5759312320916905,Moderate,Balanced
472,Biscuits,Personal Care,111,28505.39,234.33333333333334,243,2024-09-05 20:00:00,24,11,0.1776,0.47368421052631576,1319.4444444444446,0.3135593220338983,Slow Moving,Balanced
473,Oil,Household,176,34867.62,246.85294117647058,175,2024-09-08 08:00:00,34,8,0.2816,0.7129750982961992,876.6084558823529,0.5014245014245015,Moderate,Balanced
474,Oil,Personal Care,162,38643.3,249.2051282051282,148,2024-09-15 03:00:00,39,1,0.2592,0.6500668793085709,961.4395378284266,0.5225806451612903,Slow Moving,Balanced
475,Rice,Household,179,25969.47,266.3,255,2024-09-16 12:00:00,30,0,0.2864,0.6721742395794217,929.81843575419,0.41244239631336405,Moderate,Balanced
476,Biscuits,Household,228,34105.89,226.89743589743588,139,2024-09-08 01:00:00,39,8,0.3648,1.0048593061362867,621.9776203328834,0.6212534059945504,Fast Moving,Understock
477,Rice,Personal Care,182,45860.05,243.78571428571428,483,2024-09-10 12:00:00,42,6,0.2912,0.7465572809844712,837.1762166405023,0.2736842105263158,Moderate,Balanced
478,Oil,Food,122,25660.97,230.07407407407408,323,2024-09-04 18:00:00,27,12,0.1952,0.53026400515132,1178.6581663630845,0.27415730337078653,Slow Moving,Balanced
479,Rice,Household,158,33524.1,242.13793103448276,210,2024-09-02 20:00:00,29,14,0.2528,0.6525206493876389,957.8240942819729,0.42934782608695654,Slow Moving,Balanced
480,Biscuits,Food,205,36817.81,264.3783783783784,355,2024-09-12 04:00:00,37,4,0.328,0.7754038029032917,806.0316413974952,0.36607142857142855,Moderate,Balanced
481,Soap,Household,214,36207.59,260.2121212121212,234,2024-09-03 21:00:00,33,13,0.3424,0.8224059625014558,759.9653072783913,0.47767857142857145,Fast Moving,Balanced
482,Shampoo,Personal Care,243,45463.29,216.14,395,2024-09-01 11:00:00,50,15,0.3888,1.1242713056352365,555.9156378600823,0.38087774294670845,Fast Moving,Understock
483,Rice,Personal Care,192,41774.78,250.4102564102564,47,2024-09-07 22:00:00,39,9,0.3072,0.7667417571165267,815.1375534188035,0.803347280334728,Moderate,Balanced
484,Biscuits,Personal Care,236,45654.38,220.32558139534885,406,2024-09-08 11:00:00,43,8,0.3776,1.0711420730420096,583.4893575088688,0.367601246105919,Fast Moving,Understock
485,Shampoo,Personal Care,135,29117.23,266.51724137931035,213,2024-09-04 20:00:00,29,12,0.216,0.5065338336136628,1233.8761174968072,0.3879310344827586,Slow Moving,Overstock
486,Soap,Household,249,48660.51,219.40425531914894,219,2024-09-06 01:00:00,47,10,0.3984,1.1348913886733902,550.7134922669401,0.532051282051282,Fast Moving,Understock
487,Biscuits,Household,183,45151.38,288.9166666666667,306,2024-09-14 12:00:00,36,2,0.2928,0.6334006345543697,986.7372495446267,0.37423312883435583,Moderate,Overstock
488,Oil,Food,156,33801.4,235.43243243243242,317,2024-09-15 23:00:00,37,1,0.2496,0.6626104924807714,943.238911988912,0.3298097251585624,Slow Moving,Balanced
489,Rice,Personal Care,191,32031.16,247.0810810810811,22,2024-09-13 09:00:00,37,3,0.3056,0.773025596149639,808.511390972124,0.8967136150234741,Moderate,Balanced
490,Soap,Food,247,48963.14,274.0,111,2024-09-14 06:00:00,46,2,0.3952,0.9014598540145985,693.3198380566802,0.6899441340782123,Fast Moving,Balanced
491,Soap,Personal Care,131,35671.88,203.9,372,2024-09-11 10:00:00,30,5,0.2096,0.6424717999019127,972.8053435114504,0.26043737574552683,Slow Moving,Balanced
492,Biscuits,Food,144,31939.59,223.6,389,2024-07-25 12:00:00,30,53,0.2304,0.6440071556350626,970.4861111111111,0.2701688555347092,Slow Moving,Balanced
493,Rice,Food,189,33059.99,279.27272727272725,101,2024-09-16 22:00:00,33,0,0.3024,0.6767578125,923.5209235209235,0.6517241379310345,Moderate,Overstock
494,Oil,Food,163,45033.9,222.02564102564102,498,2024-09-06 13:00:00,39,10,0.2608,0.7341494398891327,851.3253106811388,0.24659606656580937,Slow Moving,Balanced
495,Oil,Food,221,51872.04,237.15555555555557,59,2024-09-16 10:00:00,45,0,0.3536,0.9318778110944528,670.6887883358471,0.7892857142857143,Fast Moving,Balanced
496,Shampoo,Food,121,26955.64,274.0,189,2024-05-22 15:00:00,28,117,0.1936,0.4416058394160584,1415.289256198347,0.3903225806451613,Dead Stock,Overstock
497,Soap,Household,169,34687.36,262.30555555555554,5,2024-09-11 02:00:00,36,5,0.2704,0.6442867732712062,970.0649243918474,0.9712643678160919,Moderate,Balanced
498,Biscuits,Household,268,50038.590000000004,249.77551020408163,215,2024-09-15 20:00:00,49,1,0.4288,1.072963477408285,582.498857752056,0.5548654244306418,Fast Moving,Balanced
499,Shampoo,Personal Care,149,28179.6,288.51724137931035,450,2024-08-31 01:00:00,29,16,0.2384,0.51643360822278,1210.2233279333489,0.24874791318864775,Slow Moving,Overstock
